AGEphone Cloud
バージョン：Version 1.5.0 (Version Code: 406, Library: 1.12.14, SipManager: 1.12.69, Engine: 2.12.1 (e10e2075f) 2022.07.08) 
システム：13 
機種：A202SO 
モデル：A202SO 
プロダクト：A202SO


01-29 10:53:53.784 17988-18044 D/AGEphone Cloud Service: [TID]512990694576 [TNAME]"CommandConsumerThread"  udp0xb4000078f82e1ba4  .....UDP media transport attached
01-29 10:53:53.784 17988-18044 W/AGEphone Cloud Service: [TID]512990694576 [TNAME]"CommandConsumerThread"                libsrtp  .....srtp: srtp_get_stream() Could not get stream with SSRC 0x33563a19 [ntohl: 0x193a5633] for session 0xb40000783858a2e0...
01-29 10:53:53.785 17988-18044 W/AGEphone Cloud Service: [TID]512990694576 [TNAME]"CommandConsumerThread"                libsrtp  .....srtp: srtp_get_stream() List of streams:
01-29 10:53:53.785 17988-18044 W/AGEphone Cloud Service: [TID]512990694576 [TNAME]"CommandConsumerThread"                libsrtp  .....srtp: srtp_get_stream() [STREAM_LIST_START]
01-29 10:53:53.785 17988-18044 W/AGEphone Cloud Service: [TID]512990694576 [TNAME]"CommandConsumerThread"                libsrtp  .....srtp: srtp_get_stream() [STREAM_LIST_END]
01-29 10:53:53.785 17988-18044 W/AGEphone Cloud Service: [TID]512990694576 [TNAME]"CommandConsumerThread"                libsrtp  .....srtp: cloning stream (SSRC: 0x33563a19 [ntohl: 0x193a5633])
01-29 10:53:53.785 17988-18044 W/AGEphone Cloud Service: [TID]512990694576 [TNAME]"CommandConsumerThread"                libsrtp  .....rdbx: [ROC] srtp_rdbx_init() roc = 0
01-29 10:53:53.785 17988-18044 V/AGEphone Cloud Service: [TID]512990694576 [TNAME]"CommandConsumerThread"               stream.c  .....Stream strm0xb40000798828a24c created
01-29 10:53:53.785 17988-18044 D/AGEphone Cloud Service: [TID]512990694576 [TNAME]"CommandConsumerThread" strm0xb40000798828a24c  .....Encoder stream started
01-29 10:53:53.785 17988-18044 D/AGEphone Cloud Service: [TID]512990694576 [TNAME]"CommandConsumerThread" strm0xb40000798828a24c  .....Decoder stream started
01-29 10:53:53.785 17988-18044 I/AGEphone Cloud Service: [TID]512990694576 [TNAME]"CommandConsumerThread" CallManager::OnCallMediaStreamCreated() Stream 0 of call 0 will be created.
01-29 10:53:53.785 17988-18044 V/AGEphone Cloud Service: [TID]512990694576 [TNAME]"CommandConsumerThread" CallUserData::OnCallMediaStreamCreated() stream_index = 0, call_id = 0
01-29 10:53:53.785 17988-18044 V/AGEphone Cloud Service: [TID]512990694576 [TNAME]"CommandConsumerThread" [CALL_QUALITY] CallUserData::OnCallMediaStreamCreated() Adding StreamUserData for stream_index 0 of call 0...
01-29 10:53:53.786 17988-18044 V/AGEphone Cloud Service: [TID]512990694576 [TNAME]"CommandConsumerThread"             resample.c  .....resample created: high qualiy, large filter, in/out rate=8000/48000
01-29 10:53:53.786 17988-18044 V/AGEphone Cloud Service: [TID]512990694576 [TNAME]"CommandConsumerThread"             resample.c  .....resample created: high qualiy, large filter, in/out rate=48000/8000
01-29 10:53:53.786 17988-18044 D/AGEphone Cloud Service: [TID]512990694576 [TNAME]"CommandConsumerThread"          agsua_media.c  ....Audio updated, stream #0: opus (sendrecv)
01-29 10:53:53.786 17988-18044 V/AGEphone Cloud Service: [TID]512990694576 [TNAME]"CommandConsumerThread" CallManager::OnCallMediaState() EngineCallInfo(
        id = 0
        role = ROLE_UAS
        acc_id = 0
        local_info = <sip:35@192.168.0.240>
        local_contact = "35" <sips:35@10.126.88.65:23001;transport=TLS>
        remote_info = <sip:15@192.168.0.10>
        remote_contact = <sips:0st1nf.ddns.sdework.com:35061;transport=tls>
        call_id = 0mwqGzBlalR7Ib0c0W028PD8h65dr81g--_6b8b45c3
        state = INV_STATE_EARLY
        state_text = EARLY
        last_status = 180
        last_status_text = Ringing
        [HOLD] media_status = agsua_CALL_MEDIA_ACTIVE
        [HOLD] media_dir = MEDIA_DIR_ENCODING_DECODING
        conf_slot = 10
        connect_duration = Timeval(
            sec = 0
            msec = 0
            )
        total_duration = Timeval(
            sec = 8
            msec = 495
            )
        )
01-29 10:53:53.786 17988-18044 V/AGEphone Cloud Service: [TID]512990694576 [TNAME]"CommandConsumerThread" CalledNumber::InitType() <sips:0st1nf.ddns.sdework.com:35061;transport=tls> seems to be SIP-URI, but it does not contain a user id.
01-29 10:53:53.786 17988-18044 V/AGEphone Cloud Service: [TID]512990694576 [TNAME]"CommandConsumerThread" CallManager::HasEarlyMedia() Call ID 0 does NOT have early media (detection method: CHECK_ACTUAL_MEDIA)
01-29 10:53:53.786 17988-18044 V/AGEphone Cloud Service: [TID]512990694576 [TNAME]"CommandConsumerThread" CallSourceAccumulator::GetCallSoundInfo() CallSource "SipCallSource" found call 0.
01-29 10:53:53.786 17988-18044 D/AGEphone Cloud Service: [TID]512990694576 [TNAME]"CommandConsumerThread" SoundManager::ExecutePlayAllSoundsForCallId() Will play sounds for call 0
01-29 10:53:53.786 17988-18044 D/AGEphone Cloud Service: [TID]512990694576 [TNAME]"CommandConsumerThread" SoundManager::PlayStateSoundForCallSoundInfo() Call(id = 0, SIP, INCOMING, EARLY, ENCODING_DECODING, UNHELD, NOT_DISCONNECTED_YET, WITHOUT early media, WITH media)
01-29 10:53:53.786 17988-18044 D/AGEphone Cloud Service: [TID]512990694576 [TNAME]"CommandConsumerThread" SoundManager::PlayStateSoundForCallSoundInfo() INCOMING Call 0 is EARLY.
01-29 10:53:53.786 17988-18044 D/AGEphone Cloud Service: [TID]512990694576 [TNAME]"CommandConsumerThread" SoundManager::PlayStateSoundForCallSoundInfo() There is (early) media for call 0. Stopping sounds.
01-29 10:53:53.786 17988-18044 V/AGEphone Cloud Service: [TID]512990694576 [TNAME]"CommandConsumerThread" SoundManager::StopAllSoundsOnActiveCallChannel() Stopping all sound on the active call channel...
01-29 10:53:53.787 17988-18044 V/AGEphone Cloud Service: [TID]512990694576 [TNAME]"CommandConsumerThread" SoundChannel::StopAllSoundEffects() Stopping all sound effects for channel "Active Call Channel" (rewind = 0)
01-29 10:53:53.787 17988-18044 V/AGEphone Cloud Service: [TID]512990694576 [TNAME]"CommandConsumerThread" CallStatus::Initialize() youngest_preferred_call = -1, youngest_ringing_call = -1, youngest_call_on_answering_machine = -1, next_call = -1, next_conference = -1
01-29 10:53:53.787 17988-18044 V/AGEphone Cloud Service: [TID]512990694576 [TNAME]"CommandConsumerThread" CallStatus::LoadFromSipEngine() enumerated 1 calls
01-29 10:53:53.787 17988-18044 V/AGEphone Cloud Service: [TID]512990694576 [TNAME]"CommandConsumerThread" CalledNumber::InitType() <sips:0st1nf.ddns.sdework.com:35061;transport=tls> seems to be SIP-URI, but it does not contain a user id.
01-29 10:53:53.787 17988-18044 V/AGEphone Cloud Service: [TID]512990694576 [TNAME]"CommandConsumerThread" CallManager::HasEarlyMedia() Call ID 0 does NOT have early media (detection method: CHECK_ACTUAL_MEDIA)
01-29 10:53:53.787 17988-18044 V/AGEphone Cloud Service: [TID]512990694576 [TNAME]"CommandConsumerThread" CallStatus::Initialize() youngest_preferred_call = -1, youngest_ringing_call = 0, youngest_call_on_answering_machine = -1, next_call = 0, next_conference = 100
01-29 10:53:53.788 17988-18044 V/AGEphone Cloud Service: [TID]512990694576 [TNAME]"CommandConsumerThread" CalledNumber::InitType() <sips:0st1nf.ddns.sdework.com:35061;transport=tls> seems to be SIP-URI, but it does not contain a user id.
01-29 10:53:53.788 17988-18044 V/AGEphone Cloud Service: [TID]512990694576 [TNAME]"CommandConsumerThread" CallManager::HasEarlyMedia() Call ID 0 does NOT have early media (detection method: CHECK_ACTUAL_MEDIA)
01-29 10:53:53.788 17988-18044 V/AGEphone Cloud Service: [TID]512990694576 [TNAME]"CommandConsumerThread" CallSourceAccumulator::GetCallSoundInfo() CallSource "SipCallSource" found call 0.
01-29 10:53:53.788 17988-18044 D/AGEphone Cloud Service: [TID]512990694576 [TNAME]"CommandConsumerThread" SoundManager::GetSpeakerRouteForCallSoundInfo() Call 0 is EARLY (incoming call). Using EXTERNAL...
01-29 10:53:53.788 17988-18044 V/AGEphone Cloud Service: [TID]512990694576 [TNAME]"CommandConsumerThread" SoundManager::SpeakerRoutingLogic() Call 0 is active. Routing sound for this call. Using EXTERNAL
01-29 10:53:53.788 17988-18044 I/AGEphone Cloud Service: NativeSoundListener [INTERACTION ENTRY] hasCapability(SPEAKER_ROUTE, )
01-29 10:53:53.788 17988-18044 D/AGEphone Cloud Service: NativeSoundListener [INTERACTION EXIT] 
01-29 10:53:53.788 17988-18044 W/AGEphone Cloud Service: [TID]512990694576 [TNAME]"CommandConsumerThread" SoundManager::SpeakerRoutingLogic() SoundListener does not have the capability to route speakers.
01-29 10:53:53.788 17988-18044 V/AGEphone Cloud Service: [TID]512990694576 [TNAME]"CommandConsumerThread" SoundManager::SpeakerRoutingLogic() Speaker route did not change.
01-29 10:53:53.788 17988-18044 I/AGEphone Cloud Service: NativeSoundListener [INTERACTION ENTRY] hasCapability(RINGTONE, )
01-29 10:53:53.789 17988-18044 D/AGEphone Cloud Service: NativeSoundListener [INTERACTION EXIT] 
01-29 10:53:53.789 17988-18044 V/AGEphone Cloud Service: [TID]512990694576 [TNAME]"CommandConsumerThread" SoundManager::StopRingTone() Stopping RingTone via sound listener...
01-29 10:53:53.789 17988-18044 I/AGEphone Cloud Service: NativeSoundListener [INTERACTION ENTRY] onStopRingTone()
01-29 10:53:53.789 17988-18044 I/AGEphone Cloud Service: RingTonePlayer stop()
01-29 10:53:53.789 17988-18044 D/AGEphone Cloud Service: NativeSoundListener [INTERACTION EXIT] 
01-29 10:53:53.789 17988-18044 D/AGEphone Cloud Service: [TID]512990694576 [TNAME]"CommandConsumerThread" SoundManager::PlayEventSoundForCallSoundInfo() Call(id = 0, SIP, INCOMING, EARLY, ENCODING_DECODING, UNHELD, NOT_DISCONNECTED_YET, WITHOUT early media, WITH media)
01-29 10:53:53.789 17988-18044 V/AGEphone Cloud Service: [TID]512990694576 [TNAME]"CommandConsumerThread" AudioStreamManager::ReconnectAudioStreamsAndLocalAudioForConferenceByCall() call_id = 0
01-29 10:53:53.789 17988-17988 I/AGEphone Cloud Service: RingTonePlayer stopInternal()
01-29 10:53:53.789 17988-18044 V/AGEphone Cloud Service: [TID]512990694576 [TNAME]"CommandConsumerThread" AudioStreamManager::ReconnectAudioStreamsAndLocalAudioForConference() conference_id = 100
01-29 10:53:53.789 17988-18044 V/AGEphone Cloud Service: [TID]512990694576 [TNAME]"CommandConsumerThread" AudioStreamManager::DisconnectAudioStreamsAndLocalAudioForConference() conference_id = 100
01-29 10:53:53.789 17988-18044 V/AGEphone Cloud Service: [TID]512990694576 [TNAME]"CommandConsumerThread" AudioStreamManager::DisconnectConferenceFromLocalAudio() conference_id = 100, audio_direction = BOTH
01-29 10:53:53.789 17988-18044 V/AGEphone Cloud Service: [TID]512990694576 [TNAME]"CommandConsumerThread" AudioStreamManager::DisconnectLocalAudioForCallList() Disconnecting local audio streams for calls {0, }, audio_direction = BOTH
01-29 10:53:53.789 17988-18044 V/AGEphone Cloud Service: [TID]512990694576 [TNAME]"CommandConsumerThread" AudioStreamManager::DisconnectLocalAudioForCall() call_id = 0, audio_direction = BOTH
01-29 10:53:53.789 17988-18044 V/AGEphone Cloud Service: [TID]512990694576 [TNAME]"CommandConsumerThread" [CONF_CONNECT] AudioStreamManager::DisconnectLocalAudioForCall() Disconnecting conf_slot 10 of call 0 from local audio
01-29 10:53:53.790 17988-18044 V/AGEphone Cloud Service: [TID]512990694576 [TNAME]"CommandConsumerThread" [CONF_CONNECT] AudioStreamManager::ConfDisconnect() Disconnecting source port 10 from sink port 0.
01-29 10:53:53.790 17988-18044 D/AGEphone Cloud Service: [TID]512990694576 [TNAME]"CommandConsumerThread"            agsua_aud.c  ...Conf disconnect: 10 -x- 0
01-29 10:53:53.790 17988-18044 V/AGEphone Cloud Service: [TID]512990694576 [TNAME]"CommandConsumerThread"            agsua_aud.c  ....check_snd_dev_idle() total_call_count = 1, number_of_calls_which_dont_need_sound_device = 0, number_of_calls_which_need_sound_device = 1, conf_connect_count = 2, snd_idle_timer::id = 0,
01-29 10:53:53.790 17988-18044 V/AGEphone Cloud Service: [TID]512990694576 [TNAME]"CommandConsumerThread"            agsua_aud.c  ....check_snd_dev_idle() Sound device is NOT idle. Will NOT close the sound device.
01-29 10:53:53.790 17988-18044 V/AGEphone Cloud Service: [TID]512990694576 [TNAME]"CommandConsumerThread" [CONF_CONNECT] AudioStreamManager::DisconnectLocalAudioForCall() Disconnecting local audio from conf_slot 10 of call 0
01-29 10:53:53.790 17988-18044 V/AGEphone Cloud Service: [TID]512990694576 [TNAME]"CommandConsumerThread" [CONF_CONNECT] AudioStreamManager::ConfDisconnect() Disconnecting source port 0 from sink port 10.
01-29 10:53:53.790 17988-18044 D/AGEphone Cloud Service: [TID]512990694576 [TNAME]"CommandConsumerThread"            agsua_aud.c  ...Conf disconnect: 0 -x- 10
01-29 10:53:53.790 17988-18044 V/AGEphone Cloud Service: [TID]512990694576 [TNAME]"CommandConsumerThread"            agsua_aud.c  ....check_snd_dev_idle() total_call_count = 1, number_of_calls_which_dont_need_sound_device = 0, number_of_calls_which_need_sound_device = 1, conf_connect_count = 2, snd_idle_timer::id = 0,
01-29 10:53:53.790 17988-18044 V/AGEphone Cloud Service: [TID]512990694576 [TNAME]"CommandConsumerThread"            agsua_aud.c  ....check_snd_dev_idle() Sound device is NOT idle. Will NOT close the sound device.
01-29 10:53:53.790 17988-18044 V/AGEphone Cloud Service: [TID]512990694576 [TNAME]"CommandConsumerThread" AudioStreamManager::DisconnectAudioStreamsForConference() conference_id = 100
01-29 10:53:53.790 17988-18044 V/AGEphone Cloud Service: [TID]512990694576 [TNAME]"CommandConsumerThread" AudioStreamManager::DisconnectAudioStreamsForCallList() Disconnecting audio streams for calls {0, }
01-29 10:53:53.790 17988-18044 V/AGEphone Cloud Service: [TID]512990694576 [TNAME]"CommandConsumerThread" AudioStreamManager::ConnectAudioStreamsAndLocalAudioForConference() conference_id = 100
01-29 10:53:53.790 17988-18044 V/AGEphone Cloud Service: [TID]512990694576 [TNAME]"CommandConsumerThread" ConferenceUserData::GetRequestedAudioDirection() requested_mute = 0, requested_silence = 0, requested_audio_direction = BOTH
01-29 10:53:53.790 17988-18044 V/AGEphone Cloud Service: [TID]512990694576 [TNAME]"CommandConsumerThread" AudioStreamManager::ConnectConferenceToLocalAudio() conference_id = 100, audio_direction = BOTH
01-29 10:53:53.790 17988-18044 V/AGEphone Cloud Service: [TID]512990694576 [TNAME]"CommandConsumerThread" AudioStreamManager::ConnectLocalAudioForCallList() Connecting local audio streams for calls {0, }, audio_direction = BOTH
01-29 10:53:53.791 17988-18044 V/AGEphone Cloud Service: [TID]512990694576 [TNAME]"CommandConsumerThread" AudioStreamManager::ConnectLocalAudioForCall() call_id = 0, audio_direction = BOTH
01-29 10:53:53.791 17988-18044 V/AGEphone Cloud Service: [TID]512990694576 [TNAME]"CommandConsumerThread" [CONF_CONNECT] AudioStreamManager::ShouldConnectToAudio() Call 0 should connect to audio in requested direction SPEAKER.
01-29 10:53:53.791 17988-18044 V/AGEphone Cloud Service: [TID]512990694576 [TNAME]"CommandConsumerThread" [CONF_CONNECT] AudioStreamManager::ConnectLocalAudioForCall() Connecting conf_slot 10 of call 0 to local audio speaker...
01-29 10:53:53.791 17988-18044 V/AGEphone Cloud Service: [TID]512990694576 [TNAME]"CommandConsumerThread" [CONF_CONNECT] AudioStreamManager::ConfConnect() Connecting source port 10 to sink port 0.
01-29 10:53:53.791 17988-18044 D/AGEphone Cloud Service: [TID]512990694576 [TNAME]"CommandConsumerThread"            agsua_aud.c  ...Conf connect: 10 --> 0
01-29 10:53:53.791 17988-18044 D/AGEphone Cloud Service: [TID]512990694576 [TNAME]"CommandConsumerThread"           conference.c  ....Port 10 (sip:15@192.168.0.10:5060) transmitting to port 0 (AndroidAudioDevice)
01-29 10:53:53.791 17988-18044 V/AGEphone Cloud Service: [TID]512990694576 [TNAME]"CommandConsumerThread" [CONF_CONNECT] AudioStreamManager::ConfConnect() source port 10 now has 1 listeners.
01-29 10:53:53.791 17988-18044 V/AGEphone Cloud Service: [TID]512990694576 [TNAME]"CommandConsumerThread" CallManager::FindCallIdByConfPortId() Call 0 has conf_slot with port_id 10
01-29 10:53:53.791 17988-18044 V/AGEphone Cloud Service: [TID]512990694576 [TNAME]"CommandConsumerThread" [CONF_CONNECT] AudioStreamManager::ConfConnect() Call 0 now has at least one listeners. Notifying the associated jitter buffer...
01-29 10:53:53.791 17988-18044 I/AGEphone Cloud Service: [TID]512990694576 [TNAME]"CommandConsumerThread" CallManager::SetJitterBufferHasSinks() call_id = 0, has_sinks = 1
01-29 10:53:53.791 17988-18044 V/AGEphone Cloud Service: [TID]512990694576 [TNAME]"CommandConsumerThread"                     jb  ...jbuf_set_has_sinks() jb = 0xb40000791834cb6c, has_sinks = 1
01-29 10:53:53.791 17988-18044 V/AGEphone Cloud Service: [TID]512990694576 [TNAME]"CommandConsumerThread" [CONF_CONNECT] AudioStreamManager::ShouldConnectToAudio() Call 0 should connect to audio in requested direction MICROPHONE.
01-29 10:53:53.791 17988-18044 V/AGEphone Cloud Service: [TID]512990694576 [TNAME]"CommandConsumerThread" [CONF_CONNECT] AudioStreamManager::ConnectLocalAudioForCall() Connecting local audio microphone to conf_slot 10 of call 0...
01-29 10:53:53.791 17988-18044 V/AGEphone Cloud Service: [TID]512990694576 [TNAME]"CommandConsumerThread" [CONF_CONNECT] AudioStreamManager::ConfConnect() Connecting source port 0 to sink port 10.
01-29 10:53:53.792 17988-18044 D/AGEphone Cloud Service: [TID]512990694576 [TNAME]"CommandConsumerThread"            agsua_aud.c  ...Conf connect: 0 --> 10
01-29 10:53:53.792 17988-18044 D/AGEphone Cloud Service: [TID]512990694576 [TNAME]"CommandConsumerThread"           conference.c  ....Port 0 (AndroidAudioDevice) transmitting to port 10 (sip:15@192.168.0.10:5060)
01-29 10:53:53.792 17988-18044 V/AGEphone Cloud Service: [TID]512990694576 [TNAME]"CommandConsumerThread" [CONF_CONNECT] AudioStreamManager::ConfConnect() source port 0 now has 2 listeners.
01-29 10:53:53.792 17988-18044 V/AGEphone Cloud Service: [TID]512990694576 [TNAME]"CommandConsumerThread" AudioStreamManager::ConnectAudioStreamsForConference() conference_id = 100
01-29 10:53:53.792 17988-18044 V/AGEphone Cloud Service: [TID]512990694576 [TNAME]"CommandConsumerThread" AudioStreamManager::ConnectAudioStreamsForCallList() Connecting audio streams for calls {0, }
01-29 10:53:53.792 17988-18044 I/AGEphone Cloud Service: [TID]512990694576 [TNAME]"CommandConsumerThread" AnsweringMachine::UpdatePorts() AnsweringMachineState has not been initialized.
01-29 10:53:53.792 17988-18044 I/AGEphone Cloud Service: [TID]512990694576 [TNAME]"CommandConsumerThread" ConferenceManager::UpdateRecorderPorts() conference_id = 100, conf_slot = 10
01-29 10:53:53.792 17988-18044 V/AGEphone Cloud Service: [TID]512990694576 [TNAME]"CommandConsumerThread" CallUserData::UpdateRecorderPorts() Updating recorder ports...
01-29 10:53:53.792 17988-18044 W/AGEphone Cloud Service: [TID]512990694576 [TNAME]"CommandConsumerThread" WavePlayerRecorder::CheckExpectedPlayerStatus() Unexpected PlayerRecorderStatus.
    Player: MonoRecorder(address = 0xb4000078b83a3990, filename = "")
    Operation: SetInputPorts()
    Expected: PAUSED, STARTED, STOPPED, 
    Actual: DESTROYED
01-29 10:53:53.792 17988-18044 I/AGEphone Cloud Service: [TID]512990694576 [TNAME]"CommandConsumerThread" ConferenceManager::UpdateStreamingPlayerPorts() conference_id = 100
01-29 10:53:53.792 17988-18044 W/AGEphone Cloud Service: [TID]512990694576 [TNAME]"CommandConsumerThread" ConferenceManager::UpdateStreamingPlayerPorts() one ore more calls are in an invalid state (Status Code: 0, Status Message: Success)
01-29 10:53:53.792 17988-18044 V/AGEphone Cloud Service: [TID]512990694576 [TNAME]"CommandConsumerThread" [HOLD] CallUserData::StartStreamingHoldMusic() Will not stream hold music for call 0
01-29 10:53:53.792 17988-18044 V/AGEphone Cloud Service: [TID]512990694576 [TNAME]"CommandConsumerThread" tdta0xb4000079782565cc  ..Destroying txdata Response msg 180/INVITE/cseq=1 (tdta0xb4000079782565cc)
01-29 10:53:53.792 17988-18044 V/AGEphone Cloud Service: [TID]512990694576 [TNAME]"CommandConsumerThread"  inv0xb40000793824042c  ..Sending Response msg 200/INVITE/cseq=1 (tdta0xb4000079782553bc)
01-29 10:53:53.792 17988-18044 V/AGEphone Cloud Service: [TID]512990694576 [TNAME]"CommandConsumerThread"        sip_transport.c  ..Tx data Response msg 200/INVITE/cseq=1 (tdta0xb4000079782565cc) cloned
01-29 10:53:53.793 17988-18044 D/AGEphone Cloud Service: [TID]512990694576 [TNAME]"CommandConsumerThread"  dlg0xb40000793824042c  ..No SDP sent so far, sending 2xx now
01-29 10:53:53.793 17988-18044 V/AGEphone Cloud Service: [TID]512990694576 [TNAME]"CommandConsumerThread"  dlg0xb40000793824042c  ...Sending Response msg 200/INVITE/cseq=1 (tdta0xb4000079782565cc)
01-29 10:53:53.793 17988-18044 V/AGEphone Cloud Service: [TID]512990694576 [TNAME]"CommandConsumerThread"  tsx0xb400007938241cbc  ...Sending Response msg 200/INVITE/cseq=1 (tdta0xb4000079782565cc) in state Proceeding
01-29 10:53:53.793 17988-18044 V/AGEphone Cloud Service: [TID]512990694576 [TNAME]"CommandConsumerThread" tdta0xb4000079782589ec  ....Destroying txdata Response msg 180/INVITE/cseq=1 (tdta0xb4000079782589ec)
01-29 10:53:53.793 17988-18044 I/AGEphone Cloud Service: [TID]512990694576 [TNAME]"CommandConsumerThread" SipModule::OnTxResponse() Will proccess outgoing "OK" method responding to INVITE
01-29 10:53:53.793 17988-18044 W/AGEphone Cloud Service: [TID]512990694576 [TNAME]"CommandConsumerThread" SipModule::GetAssociatedAccountUserDataForResponse() Could not find account sip:35@192.168.0.10 in id map
01-29 10:53:53.793 17988-18044 D/AGEphone Cloud Service: [TID]512990694576 [TNAME]"CommandConsumerThread" SipModule::OnTxResponse() Could not retrieve associated account settings by SIP From/To-Header URI. Will try SIP Call-ID...
01-29 10:53:53.793 17988-18044 D/AGEphone Cloud Service: [TID]512990694576 [TNAME]"CommandConsumerThread" SipModule::OnTxResponse() Retrieved associated account settings by SIP Call-ID.
01-29 10:53:53.793 17988-18044 V/AGEphone Cloud Service: [TID]512990694576 [TNAME]"CommandConsumerThread" SipMessage::RemoveNoReferSubSuffixFromSupportedHeader() norefersub found in supported header, removing
01-29 10:53:53.793 17988-18044 V/AGEphone Cloud Service: [TID]512990694576 [TNAME]"CommandConsumerThread" SipModule::OnTxResponse() SIP_SC_OK
01-29 10:53:53.793 17988-18044 V/AGEphone Cloud Service: [TID]512990694576 [TNAME]"CommandConsumerThread" SipModule::OnTxResponse() Is OK Method
01-29 10:53:53.793 17988-18044 V/AGEphone Cloud Service: [TID]512990694576 [TNAME]"CommandConsumerThread" SipModule::StoreSupportedHeader() Supported Header was found
01-29 10:53:53.793 17988-18044 V/AGEphone Cloud Service: [TID]512990694576 [TNAME]"CommandConsumerThread" SipModule::StoreSupportedHeader() Stored Supported Header in AccountSettings
01-29 10:53:53.793 17988-18044 V/AGEphone Cloud Service: [TID]512990694576 [TNAME]"CommandConsumerThread" SipModule::AddPtimeToOutgoingSdp() Nothing to do.
01-29 10:53:53.794 17988-18044 D/AGEphone Cloud Service: [TID]512990694576 [TNAME]"CommandConsumerThread"           agsua_core.c  ....TX 1064 bytes Response msg 200/INVITE/cseq=1 (tdta0xb4000079782565cc) to TLS 123.226.26.42:35061:
    SIP/2.0 200 OK
    Via: SIP/2.0/TLS 0st1nf.ddns.sdework.com:35061;received=123.226.26.42;branch=z9hG4bKJ-QByzZQ
    Call-ID: 0mwqGzBlalR7Ib0c0W028PD8h65dr81g--_6b8b45c3
    From: <sip:15@192.168.0.10>;tag=d553d1ad
    To: <sip:35@192.168.0.240>;tag=cbc5f722-e60e-43b5-99de-9f7a2c6e7cd4
    CSeq: 1 INVITE
    Allow: PRACK, INVITE, ACK, BYE, CANCEL, UPDATE, INFO, SUBSCRIBE, NOTIFY, REFER, MESSAGE, OPTIONS
    Contact: "35" <sips:35@10.126.88.65:23001;transport=TLS>
    Session-Expires: 300;refresher=uas
    Supported: replaces, 100rel, timer
    Content-Type: application/sdp
    Content-Length:   489
    
    v=0
    o=- 3915482025 3915482026 IN IP4 10.126.88.65
    s=-
    c=IN IP4 10.126.88.65
    t=0 0
    m=audio 23002 RTP/SAVP 98 101
    c=IN IP4 10.126.88.65
    a=sendrecv
    a=rtpmap:98 opus/48000/2
    a=fmtp:98 useinbandfec=1;maxplaybackrate=8000;sprop-maxcapturerate=8000;maxaveragebitrate=16000
    a=rtpmap:101 telephone-event/8000
    a=fmtp:101 0-16
    a=ssrc:423253555 cname:73c1260368459a63
    a=crypto:1 AES_256_CM_HMAC_SHA1_80 inline:WJr2pmu9N+UHbT5LJaYRt8LP4pU4JMTNL4jX9O/Esu6E8FiTw4St5unrAf0XYw==
    a=ptime:40
    
    --end msg--
01-29 10:53:53.794 17988-18044 D/AGEphone Cloud Service: [TID]512990694576 [TNAME]"CommandConsumerThread" tlsc0xb4000079882b062c  ....[TRANSPORT] tls_send_msg() Sending tx_data (Response msg 200/INVITE/cseq=1 (tdta0xb4000079782565cc)) (transport info: has_pending_connect = 0, is_closing = 0, is_registered = 1, is_server = 0, is_shutdown = 0, is_destroying = 0)...
01-29 10:53:53.794 17988-18044 D/AGEphone Cloud Service: [TID]512990694576 [TNAME]"CommandConsumerThread" tlsc0xb4000079882b062c  ....[TRANSPORT] tls_send_msg() tx_data (Response msg 200/INVITE/cseq=1 (tdta0xb4000079782565cc)) was sent (size = 1064).
01-29 10:53:53.794 17988-18044 V/AGEphone Cloud Service: [TID]512990694576 [TNAME]"CommandConsumerThread"  tsx0xb400007938241cbc  ....State changed from Proceeding to Completed, event=TX_MSG
01-29 10:53:53.794 17988-18044 V/AGEphone Cloud Service: [TID]512990694576 [TNAME]"CommandConsumerThread"  dlg0xb40000793824042c  .....Transaction tsx0xb400007938241cbc state changed to Completed
01-29 10:53:53.794 17988-18044 V/AGEphone Cloud Service: [TID]512990694576 [TNAME]"CommandConsumerThread" CallManager::OnCallState() call_id = 0
01-29 10:53:53.794 17988-18044 V/AGEphone Cloud Service: [TID]512990694576 [TNAME]"CommandConsumerThread" [CALL_USER_DATA] CallManager::DisposeUnusedCallUserDatas() Checking for unused CallUserDatas...
01-29 10:53:53.794 17988-18044 I/AGEphone Cloud Service: [TID]512990694576 [TNAME]"CommandConsumerThread" [CALL_STATUS] CallManager::OnCallState() Call state for call 0 changed to CONNECTING
01-29 10:53:53.794 17988-18044 V/AGEphone Cloud Service: [TID]512990694576 [TNAME]"CommandConsumerThread" CalledNumber::InitType() <sips:0st1nf.ddns.sdework.com:35061;transport=tls> seems to be SIP-URI, but it does not contain a user id.
01-29 10:53:53.794 17988-18044 V/AGEphone Cloud Service: [TID]512990694576 [TNAME]"CommandConsumerThread" CallManager::HasEarlyMedia() Call ID 0 does NOT have early media (detection method: CHECK_ACTUAL_MEDIA)
01-29 10:53:53.795 17988-18044 V/AGEphone Cloud Service: [TID]512990694576 [TNAME]"CommandConsumerThread" CallSourceAccumulator::GetCallSoundInfo() CallSource "SipCallSource" found call 0.
01-29 10:53:53.795 17988-18044 D/AGEphone Cloud Service: [TID]512990694576 [TNAME]"CommandConsumerThread" SoundManager::ExecutePlayAllSoundsForCallId() Will play sounds for call 0
01-29 10:53:53.795 17988-18044 D/AGEphone Cloud Service: [TID]512990694576 [TNAME]"CommandConsumerThread" SoundManager::PlayStateSoundForCallSoundInfo() Call(id = 0, SIP, INCOMING, CONNECTING, ENCODING_DECODING, UNHELD, NOT_DISCONNECTED_YET, WITHOUT early media, WITH media)
01-29 10:53:53.795 17988-18044 D/AGEphone Cloud Service: [TID]512990694576 [TNAME]"CommandConsumerThread" SoundManager::PlayStateSoundForCallSoundInfo() Call 0 is CONNECTING. Stopping sounds.
01-29 10:53:53.795 17988-18044 V/AGEphone Cloud Service: [TID]512990694576 [TNAME]"CommandConsumerThread" SoundManager::StopAllSoundsOnActiveCallChannel() Stopping all sound on the active call channel...
01-29 10:53:53.795 17988-18044 V/AGEphone Cloud Service: [TID]512990694576 [TNAME]"CommandConsumerThread" SoundChannel::StopAllSoundEffects() Stopping all sound effects for channel "Active Call Channel" (rewind = 0)
01-29 10:53:53.795 17988-18044 V/AGEphone Cloud Service: [TID]512990694576 [TNAME]"CommandConsumerThread" CallStatus::Initialize() youngest_preferred_call = -1, youngest_ringing_call = -1, youngest_call_on_answering_machine = -1, next_call = -1, next_conference = -1
01-29 10:53:53.795 17988-18044 V/AGEphone Cloud Service: [TID]512990694576 [TNAME]"CommandConsumerThread" CallStatus::LoadFromSipEngine() enumerated 1 calls
01-29 10:53:53.795 17988-18044 V/AGEphone Cloud Service: [TID]512990694576 [TNAME]"CommandConsumerThread" CalledNumber::InitType() <sips:0st1nf.ddns.sdework.com:35061;transport=tls> seems to be SIP-URI, but it does not contain a user id.
01-29 10:53:53.795 17988-18044 V/AGEphone Cloud Service: [TID]512990694576 [TNAME]"CommandConsumerThread" CallManager::HasEarlyMedia() Call ID 0 does NOT have early media (detection method: CHECK_ACTUAL_MEDIA)
01-29 10:53:53.795 17988-18044 V/AGEphone Cloud Service: [TID]512990694576 [TNAME]"CommandConsumerThread" CallStatus::Initialize() youngest_preferred_call = -1, youngest_ringing_call = 0, youngest_call_on_answering_machine = -1, next_call = 0, next_conference = 100
01-29 10:53:53.796 17988-18044 V/AGEphone Cloud Service: [TID]512990694576 [TNAME]"CommandConsumerThread" CalledNumber::InitType() <sips:0st1nf.ddns.sdework.com:35061;transport=tls> seems to be SIP-URI, but it does not contain a user id.
01-29 10:53:53.796 17988-18044 V/AGEphone Cloud Service: [TID]512990694576 [TNAME]"CommandConsumerThread" CallManager::HasEarlyMedia() Call ID 0 does NOT have early media (detection method: CHECK_ACTUAL_MEDIA)
01-29 10:53:53.796 17988-18044 V/AGEphone Cloud Service: [TID]512990694576 [TNAME]"CommandConsumerThread" CallSourceAccumulator::GetCallSoundInfo() CallSource "SipCallSource" found call 0.
01-29 10:53:53.796 17988-18044 D/AGEphone Cloud Service: [TID]512990694576 [TNAME]"CommandConsumerThread" SoundManager::GetSpeakerRouteForCallSoundInfo() Call 0 is CONNECTING. Using INTERNAL...
01-29 10:53:53.796 17988-18044 V/AGEphone Cloud Service: [TID]512990694576 [TNAME]"CommandConsumerThread" SoundManager::SpeakerRoutingLogic() Call 0 is active. Routing sound for this call. Using INTERNAL
01-29 10:53:53.796 17988-18044 I/AGEphone Cloud Service: NativeSoundListener [INTERACTION ENTRY] hasCapability(SPEAKER_ROUTE, )
01-29 10:53:53.796 17988-18044 D/AGEphone Cloud Service: NativeSoundListener [INTERACTION EXIT] 
01-29 10:53:53.796 17988-18044 W/AGEphone Cloud Service: [TID]512990694576 [TNAME]"CommandConsumerThread" SoundManager::SpeakerRoutingLogic() SoundListener does not have the capability to route speakers.
01-29 10:53:53.796 17988-18044 V/AGEphone Cloud Service: [TID]512990694576 [TNAME]"CommandConsumerThread" SoundManager::SpeakerRoutingLogic() Speaker route changed from EXTERNAL to INTERNAL (current_speaker_route value changed). Invoking Listener (if registered)...
01-29 10:53:53.796 17988-18044 I/AGEphone Cloud Service: NativeSoundListener [INTERACTION ENTRY] hasCapability(SPEAKER_ROUTE, )
01-29 10:53:53.796 17988-18044 D/AGEphone Cloud Service: NativeSoundListener [INTERACTION EXIT] 
01-29 10:53:53.797 17988-18044 W/AGEphone Cloud Service: [TID]512990694576 [TNAME]"CommandConsumerThread" SoundManager::RouteSpeaker() SoundListener does not have the capability to route speakers.
01-29 10:53:53.797 17988-18044 I/AGEphone Cloud Service: NativeSoundListener [INTERACTION ENTRY] hasCapability(RINGTONE, )
01-29 10:53:53.797 17988-18044 D/AGEphone Cloud Service: NativeSoundListener [INTERACTION EXIT] 
01-29 10:53:53.797 17988-18044 V/AGEphone Cloud Service: [TID]512990694576 [TNAME]"CommandConsumerThread" SoundManager::StopRingTone() Stopping RingTone via sound listener...
01-29 10:53:53.797 17988-18044 I/AGEphone Cloud Service: NativeSoundListener [INTERACTION ENTRY] onStopRingTone()
01-29 10:53:53.797 17988-18044 I/AGEphone Cloud Service: RingTonePlayer stop()
01-29 10:53:53.797 17988-18044 D/AGEphone Cloud Service: NativeSoundListener [INTERACTION EXIT] 
01-29 10:53:53.797 17988-18044 D/AGEphone Cloud Service: [TID]512990694576 [TNAME]"CommandConsumerThread" SoundManager::PlayEventSoundForCallSoundInfo() Call(id = 0, SIP, INCOMING, CONNECTING, ENCODING_DECODING, UNHELD, NOT_DISCONNECTED_YET, WITHOUT early media, WITH media)
01-29 10:53:53.797 17988-17988 I/AGEphone Cloud Service: RingTonePlayer stopInternal()
01-29 10:53:53.797 17988-18044 I/AGEphone Cloud Service: [TID]512990694576 [TNAME]"CommandConsumerThread" CallManager::OnCallConnecting() Call 0 is connecting.
01-29 10:53:53.797 17988-18044 D/AGEphone Cloud Service: [TID]512990694576 [TNAME]"CommandConsumerThread" [RINGING_TIMEOUT] CallManager::StopRingingTimer() Stopping ringing timers for call 0...
01-29 10:53:53.797 17988-18044 D/AGEphone Cloud Service: [TID]512990694576 [TNAME]"CommandConsumerThread" [RINGING_TIMEOUT] CallUserData::StopRingingActionTimer() Stopped ringing action timer for call 0
01-29 10:53:53.797 17988-18044 D/AGEphone Cloud Service: [TID]512990694576 [TNAME]"CommandConsumerThread" [RINGING_TIMEOUT] CallUserData::StopRingingHangupTimer() Stopped ringing hangup timer for call 0
01-29 10:53:53.797 17988-18044 V/AGEphone Cloud Service: [TID]512990694576 [TNAME]"CommandConsumerThread" CallStatus::Initialize() youngest_preferred_call = -1, youngest_ringing_call = -1, youngest_call_on_answering_machine = -1, next_call = -1, next_conference = -1
01-29 10:53:53.797 17988-18044 V/AGEphone Cloud Service: [TID]512990694576 [TNAME]"CommandConsumerThread" CallStatus::LoadFromSipEngine() enumerated 1 calls
01-29 10:53:53.798 17988-18044 V/AGEphone Cloud Service: [TID]512990694576 [TNAME]"CommandConsumerThread" CalledNumber::InitType() <sips:0st1nf.ddns.sdework.com:35061;transport=tls> seems to be SIP-URI, but it does not contain a user id.
01-29 10:53:53.798 17988-18044 V/AGEphone Cloud Service: [TID]512990694576 [TNAME]"CommandConsumerThread" CallManager::HasEarlyMedia() Call ID 0 does NOT have early media (detection method: CHECK_ACTUAL_MEDIA)
01-29 10:53:53.798 17988-18044 V/AGEphone Cloud Service: [TID]512990694576 [TNAME]"CommandConsumerThread" CallStatus::Initialize() youngest_preferred_call = -1, youngest_ringing_call = 0, youngest_call_on_answering_machine = -1, next_call = 0, next_conference = 100
01-29 10:53:53.799 17988-18044 I/AGEphone Cloud Service: [TID]512990694576 [TNAME]"CommandConsumerThread" CallStatus::FireCallConnectingEvent() [CALL_STATUS] 
        CallStatus(id = Vj08P9ICOBlCr0TJ8qh3hBj4sKO3jUZh, event = ON_CALL_CONNECTING, associated call(s) = 0)
        Contains 1 call(s) total / 1 busy call(s):
        CallInfo(call_id = 0, remote = 15, uuid = 599f46e4-f31b-4350-aaf9-f778569c296c, direction = INCOMING, status = CONNECTING, hold = N/A)
        Details:
        CallStatus(
            description_ = CallStatus(id = Vj08P9ICOBlCr0TJ8qh3hBj4sKO3jUZh, event = ON_CALL_CONNECTING, associated call(s) = 0)
            call_count_ = 1
            total_busy_call_count_ = 1
            busy_call_count_without_filtered_calls_ = 1
            associated_calls_ = [0]
            associated_conferences_ = [100]
            next_call_id_in_sequence_ = 0
            next_conference_id_in_sequence_ = 100
            active_conference_id_ = -1
            overall_call_state_ = RINGING
            overall_vibration_behavior_ = SYSTEM_DEFAULT
            CallInfo(
                call_id_ = 0
                uuid_ = 599f46e4-f31b-4350-aaf9-f778569c296c
                associated_script_thread_id_ = 
                custom_data_ = 
                conference_id_ = 100
                replaces_ = -1
                replaced_by_ = -1
                role_ = ROLE_UAS
                account_id_ = 10000
                account_name_ = 35@0st1nf.ddns.sdework.com
                dialed_number_ = 
                local_info_ = <sip:35@192.168.0.240>
                local_contact_ = "35" <sips:35@10.126.88.65:23001;transport=TLS>
                local_p_preferred_identity_ = 
                local_p_associated_uri_ = 
                local_p_called_party_id_ = 
                remote_info_ = <sip:15@192.168.0.10>
                remote_contact_ = <sips:0st1nf.ddns.sdework.com:35061;transport=tls>
                remote_p_asserted_identity_ = 
                sip_call_id_ = 0mwqGzBlalR7Ib0c0W028PD8h65dr81g--_6b8b45c3
                state_ = 4
                last_state_ = 3
                state_text_ = CONNECTING
                last_status_ = 200
                last_status_text_ = OK
                forwarded_to_ = 
                answered_by_ = 
                media_status_ = CALL_MEDIA_ACTIVE
                media_direction_ = DIR_ENCODING_DECODING
                conference_slot_ = 10
                current_expected_loss_rate_ = 0
                connect_duration_ = 0
                total_duration_ = 8507
                recording_duration_ = 0
                privacy_type_ = DISABLED
                record_file_name_ = 
                is_talking_ = 0
                is_ringing_ = 1
                is_outgoing_ = 0
                is_incoming_ = 1
                is_busy_ = 1
                is_dialing_ = 0
                [HOLD] is_hold_ = 0
                [HOLD] is_remote_hold_ = 0
                [HOLD] is_local_hold_ = 0
                [HOLD] local_sip_hold_status_ = UNHELD
                [HOLD] media_hold_status_ = UNHELD
                is_mute_ = 0
                is_silent_ = 0
                ui_mute_ = 0
                ui_silent_ = 0
                is_recording_ = 0
                was_recorded_ = 0
                is_streaming_ = 0
                is_connected_to_answering_machine_ = 0
                was_connected_to_answering_machine_ = 0
                was_auto_declined_ = 0
                was_handover_ = 0
                was_connected_to_remote_ = 0
                was_connected_to_operator_ = 0
                is_missed_call_ = 1
                has_media_ = 1
                has_early_media_ = 0
                call_started_timestamp_ = 2024/01/29 10:53:45.311 (1706493225311927)
                call_connected_timestamp_ = 1970/01/01 09:00:00.000 (0)
                [FILTER] filter_type_ = UNFILTERED
                operation_type_ = MANUAL
                replace_type_ = NONE
                disconnect_type_ = NOT_DISCONNECTED_YET
                current_call_quality_ = GOOD
                current_call_quality_reason_ = NO_ANOMALIES_DETECTED
                worst_call_quality_ = GOOD
                worst_call_quality_reason_ = NO_ANOMALIES_DETECTED
                call_forwarding_type_ = NONE
                direction_ = INCOMING
                ringing_behavior_ = RingingBehavior(
                    ringtone_ = content://settings/system/ringtone
                    , ringing_behavior_ = SYSTEM_DEFAULT
                    , vibration_behavior_ = SYSTEM_DEFAULT
                    , popup_behavior_ = SYSTEM_DEFAULT
                    )
                incoming_sip_headers_ = []
                outgoing_sip_headers_ = []
                response_sip_headers_ = []
                zrtp_info = ZrtpInfo(
                    zrtp_plugin_is_active_ = 0
                    short_authentication_string_is_confirmed_ = 0
                    security_level_ = NOT_SECURE
                    secure_since_ = 0
                    peer_client_id_ = 
                    hash_name_ = 
                    cipher_name_ = 
                    auth_name_ = 
                    short_authentication_string_name_ = 
                    public_key_exchange_name_ = 
                    short_authentication_string_ = 
                    )
                )
        )
01-29 10:53:53.799 17988-18044 I/AGEphone Cloud Service: [TID]512990694576 [TNAME]"CommandConsumerThread" CallStatus::FireCallConnectingEvent() ConferenceStatus(
        count = 1
        Conference(
            conference_id = 100
            overall_call_state = RINGING
            calls = [
                CallInfo(call_id = 0, remote = 15, uuid = 599f46e4-f31b-4350-aaf9-f778569c296c, direction = INCOMING, status = CONNECTING, hold = N/A)
            ]
            can_send_dtmf = 1
            is_hold = 0
            is_local_hold = 0
            is_remote_hold = 0
            is_trying_to_unhold = 0
            is_recording = 0
            is_mute = 0
            is_silent = 0
            is_connected_to_answering_machine = 0
            host_call_id = 0
            ),
        )
01-29 10:53:53.799 17988-18044 V/AGEphone Cloud Service: [TID]512990694576 [TNAME]"CommandConsumerThread" CallManager::OnCallTransactionState() call_id 0, method: INVITE_METHOD, transactionState = SUCCESS, status_code = 200, status_text = OK, state = TSX_STATE_COMPLETED, transport_error = 0, event_type = EVENT_TSX_STATE, previous_state = TSX_STATE_PROCEEDING, event_source_type = EVENT_TX_MSG
01-29 10:53:53.799 17988-18044 I/AGEphone Cloud Service: [TID]512990694576 [TNAME]"CommandConsumerThread" CallManager::OnCallTransactionState() Call 0: transaction (method: 0) sent successfully
01-29 10:53:53.800 17988-18044 V/AGEphone Cloud Service: [TID]512990694576 [TNAME]"CommandConsumerThread" CallManager::OnCallTransactionState() Transaction role is UAS. Event source type is not RX_MSG
01-29 10:53:53.800 17988-18043 V/AGEphone Cloud Service: [TID]513086319792 [TNAME]"EventConsumerThread" CallStatus::Initialize() youngest_preferred_call = -1, youngest_ringing_call = -1, youngest_call_on_answering_machine = -1, next_call = -1, next_conference = -1
01-29 10:53:53.800 17988-18044 I/AGEphone Cloud Service: [TID]512990694576 [TNAME]"CommandConsumerThread" CommandConsumerThread::CallAnswer() Processing CommandResult: command = CallAnswer, result = {code = 0, reason = Success}
01-29 10:53:53.800 17988-18044 I/AGEphone Cloud Service: [TID]512990694576 [TNAME]"CommandConsumerThread" CommandConsumerThread::CallAnswer() Processing Command: command = CallAnswer, arguments = {call_id = 0, response_code = 200}
01-29 10:53:53.800 17988-18043 V/AGEphone Cloud Service: [TID]513086319792 [TNAME]"EventConsumerThread" [CALL_STATUS] EventConsumerThread::OnCallConnecting() Listener 0x777243d428 will process CallStatus(id = Vj08P9ICOBlCr0TJ8qh3hBj4sKO3jUZh, event = ON_CALL_CONNECTING, associated call(s) = 0)...
01-29 10:53:53.800 17988-18044 I/AGEphone Cloud Service: [TID]512990694576 [TNAME]"CommandConsumerThread" CallManager::Answer() call_ids = [0], response_code = OK, was_auto_declined = 0
01-29 10:53:53.800 17988-18043 I/AGEphone Cloud Service: [TID]513086319792 [TNAME]"EventConsumerThread" SipInterface::OnCallConnecting() call id = 0
01-29 10:53:53.800 17988-18044 E/AGEphone Cloud Service: [TID]512990694576 [TNAME]"CommandConsumerThread" CallManager::Answer() Invalid call state for desired action (Status Code: 70013, Status Message: Invalid operation (AG_EINVALIDOP))
01-29 10:53:53.800 17988-18044 E/AGEphone Cloud Service: [TID]512990694576 [TNAME]"CommandConsumerThread" CommandConsumerThread::CallAnswer() Error answering call (Status Code: 70013, Status Message: Invalid operation (AG_EINVALIDOP))
01-29 10:53:53.800 17988-18044 I/AGEphone Cloud Service: [TID]512990694576 [TNAME]"CommandConsumerThread" CommandConsumerThread::CallAnswer() Processing CommandResult: command = CallAnswer, result = {code = 70013, reason = Invalid operation (AG_EINVALIDOP)}
01-29 10:53:53.800 17988-18043 I/AGEphone Cloud Service: NativeInterface [INTERACTION ENTRY] Call connecting: callId: 0
01-29 10:53:53.800 17988-18043 I/AGEphone Cloud Service: NativeInterface onCallConnecting: call_id: 0
01-29 10:53:53.801 17988-18043 D/AGEphone Cloud Service: DefaultCallInfoResolver selectRemoteUriToUse() Use RemoteInfo URI
01-29 10:53:53.802 17988-18043 D/AGEphone Cloud Service: DefaultCallInfoResolver selectRemoteUriToUse() Use RemoteInfo URI
01-29 10:53:53.802 17988-18043 D/AGEphone Cloud Service: CallData init() call_started_timestamp = 1706493225311, date = Mon Jan 29 10:53:45 GMT+09:00 2024
01-29 10:53:53.802 17988-18043 D/AGEphone Cloud Service: ServiceLibraryEventHandler Received native event
01-29 10:53:53.802 17988-18043 D/AGEphone Cloud Service: NativeInterface [INTERACTION EXIT] 
01-29 10:53:53.803 17988-17988 D/AGEphone Cloud Service: SipService [MESSAGING] handleEventByInstance()
       eventType = EVENT_ON_CALL_CONNECTING
       eventGroup = CALL_SPECIFIC
       eventCategory = SIP_NOTIFICATION
       Bundle = Bundle[{callId=0, IDENTIFIER_CALL_STATUS=com.ageet.AGEphone.Activity.SipStatus.CallStatus@5480e81, eventType=EVENT_ON_CALL_CONNECTING}]
01-29 10:53:53.803 17988-18043 V/AGEphone Cloud Service: [TID]513086319792 [TNAME]"EventConsumerThread" [CALL_STATUS] EventConsumerThread::OnCallConnecting() Listener 0x777243d428 did process CallStatus(id = Vj08P9ICOBlCr0TJ8qh3hBj4sKO3jUZh, event = ON_CALL_CONNECTING, associated call(s) = 0).
01-29 10:53:53.803 17988-17988 D/AGEphone Cloud Service: CallStatus CallStatus#update() overallCallState = OVERALL_CALL_STATE_RINGING, totalBusyCallCount = 1, busyCallCountWithoutFilteredCalls = 1, nextCallIdInSequence = 0
01-29 10:53:53.803 17988-18043 V/AGEphone Cloud Service: [TID]513086319792 [TNAME]"EventConsumerThread" [CALL_STATUS] EventConsumerThread::OnCommandCallAnswerResult() Listener 0x777243d438 will process OnCallAcceptWithResponseCodeOkResult...
01-29 10:53:53.803 17988-17988 D/AGEphone Cloud Service: SipService [AUDIO_MONITORING] OnCallConnecting() Stopping vibration...
01-29 10:53:53.803 17988-17988 I/AGEphone Cloud Service: VibrationTimer [VIBRATE] stop()
01-29 10:53:53.803 17988-18043 I/AGEphone Cloud Service: [TID]513086319792 [TNAME]"EventConsumerThread" SipInterface::OnCallAcceptWithResponseCodeOkResult() call_id = 0, status_code = 0
01-29 10:53:53.804 17988-17988 D/AGEphone Cloud Service: IncomingCallNotification Stop IncomingCallNotifier
01-29 10:53:53.810 17550-17550 I/AGEphone Cloud Activity: ActivityBroadcastReceiver [INTERACTION CODE_ENTRY] Received service event (EVENT_ON_CALL_CONNECTING)
01-29 10:53:53.811 17550-17550 D/AGEphone Cloud Activity: BasicFunctionalityLocker [FUNCTIONALITY_LOCKER] "ReconnectAccount" handleServiceEvent(EVENT_ON_CALL_CONNECTING)
01-29 10:53:53.811 17550-17550 D/AGEphone Cloud Activity: ActivityBroadcastReceiver [MESSAGING] handleServiceEventIntent()
       eventType = EVENT_ON_CALL_CONNECTING
       eventGroup = CALL_SPECIFIC
       eventCategory = SIP_NOTIFICATION
       Bundle = Bundle[{callId=0, IDENTIFIER_CALL_STATUS=Supplier{VAL_SERIALIZABLE@84+5184}, eventType=EVENT_ON_CALL_CONNECTING}]
01-29 10:53:53.811 17550-17550 D/AGEphone Cloud Activity: CallStatus CallStatus#update() overallCallState = OVERALL_CALL_STATE_RINGING, totalBusyCallCount = 1, busyCallCountWithoutFilteredCalls = 1, nextCallIdInSequence = 0
01-29 10:53:53.811 17550-17550 D/AGEphone Cloud Activity: ActivityBroadcastReceiver [INTERACTION CODE_EXIT] 
01-29 10:53:53.806 17988-17988 D/AGEphone Cloud Service: SipService [AUDIO_MONITORING] OnCallConnecting() Connecting sound device if it was disconnected...
01-29 10:53:53.806 17988-17988 I/AGEphone Cloud Service: ServiceAudioManager connectSoundDeviceIfDisconnected()
01-29 10:53:53.806 17988-17988 V/AGEphone Cloud Service: nativeSipManager sipManagerSoundConnectSoundDeviceIfRequired()
01-29 10:53:53.807 17988-17988 I/AGEphone Cloud Service: [TID]529661531384 [TNAME]"ApplicationThread" SipManager::SoundConnectSoundDeviceIfRequiredSync() Processing Command: command = SoundConnectSoundDeviceIfRequired, arguments = {}
01-29 10:53:53.807 17988-18043 I/AGEphone Cloud Service: NativeInterface [INTERACTION ENTRY] Call accept with response code ok result: callId: 0, message: Success
01-29 10:53:53.807 17988-17988 I/AGEphone Cloud Service: [TID]529661531384 [TNAME]"ApplicationThread" SipManager::SoundConnectSoundDeviceIfRequiredSync() 
01-29 10:53:53.807 17988-18043 I/AGEphone Cloud Service: NativeInterface onCallAcceptWithResponseCodeOkResult: reference_identifier , call_id: 0, result 0
01-29 10:53:53.807 17988-17988 I/AGEphone Cloud Service: [TID]529661531384 [TNAME]"ApplicationThread" [CONF_CONNECT] SoundManager::ConnectSoundDeviceIfRequired() Connecting sound device if required...
01-29 10:53:53.807 17988-18043 D/AGEphone Cloud Service: ServiceLibraryEventHandler Received native event
01-29 10:53:53.807 17988-17988 I/AGEphone Cloud Service: [TID]529661531384 [TNAME]"ApplicationThread" [CONF_CONNECT] SoundManager::ConnectSoundDeviceIfRequired() Sound device was not disconnected.
01-29 10:53:53.807 17988-18043 D/AGEphone Cloud Service: NativeInterface [INTERACTION EXIT] 
01-29 10:53:53.807 17988-17988 I/AGEphone Cloud Service: [TID]529661531384 [TNAME]"ApplicationThread" SipManager::SoundConnectSoundDeviceIfRequiredSync() Processing CommandResult: command = SoundConnectSoundDeviceIfRequired, result = {code = 0, reason = Success.}
01-29 10:53:53.808 17988-18043 V/AGEphone Cloud Service: [TID]513086319792 [TNAME]"EventConsumerThread" [CALL_STATUS] EventConsumerThread::OnCommandCallAnswerResult() Listener 0x777243d438 did process OnCallAcceptWithResponseCodeOkResult.
01-29 10:53:53.808 17988-17988 D/AGEphone Cloud Service: NotificationManager [MESSAGING] handleEvent()
       eventType = EVENT_ON_CALL_CONNECTING
       eventGroup = CALL_SPECIFIC
       eventCategory = SIP_NOTIFICATION
       Bundle = Bundle[{callId=0, IDENTIFIER_CALL_STATUS=com.ageet.AGEphone.Activity.SipStatus.CallStatus@5480e81, eventType=EVENT_ON_CALL_CONNECTING}]
01-29 10:53:53.808 17988-18043 V/AGEphone Cloud Service: [TID]513086319792 [TNAME]"EventConsumerThread" [CALL_STATUS] EventConsumerThread::OnCommandCallAnswerResult() Listener 0x777243d438 will process OnCallAcceptWithResponseCodeOkResult...
01-29 10:53:53.808 17988-18043 I/AGEphone Cloud Service: [TID]513086319792 [TNAME]"EventConsumerThread" SipInterface::OnCallAcceptWithResponseCodeOkResult() call_id = 0, status_code = 70013
01-29 10:53:53.808 17988-18043 I/AGEphone Cloud Service: NativeInterface [INTERACTION ENTRY] Call accept with response code ok result: callId: 0, message: Invalid operation (AG_EINVALIDOP)
01-29 10:53:53.808 17988-18043 I/AGEphone Cloud Service: NativeInterface onCallAcceptWithResponseCodeOkResult: reference_identifier , call_id: 0, result 70013
01-29 10:53:53.808 17988-18043 D/AGEphone Cloud Service: ServiceLibraryEventHandler Received native event
01-29 10:53:53.808 17988-18043 D/AGEphone Cloud Service: NativeInterface [INTERACTION EXIT] 
01-29 10:53:53.809 17988-18043 V/AGEphone Cloud Service: [TID]513086319792 [TNAME]"EventConsumerThread" [CALL_STATUS] EventConsumerThread::OnCommandCallAnswerResult() Listener 0x777243d438 did process OnCallAcceptWithResponseCodeOkResult.
01-29 10:53:53.809 17988-17988 D/AGEphone Cloud Service: CallStatus CallStatus#update() overallCallState = OVERALL_CALL_STATE_RINGING, totalBusyCallCount = 1, busyCallCountWithoutFilteredCalls = 1, nextCallIdInSequence = 0
01-29 10:53:53.809 17988-17988 D/AGEphone Cloud Service: SipService [MESSAGING] handleEventByInstance()
       eventType = EVENT_CMD_ON_CALL_ACCEPT_WITH_RESPONSE_CODE_OK_RESULT
       eventGroup = CALL_SPECIFIC
       eventCategory = SIP_COMMAND_CONFIRMATION
       Bundle = Bundle[{callId=0, referenceIdentifier=, statusMessage=Success, fullMessage=CommandConsumerThread::CallAnswer() Success (Success), eventType=EVENT_CMD_ON_CALL_ACCEPT_WITH_RESPONSE_CODE_OK_RESULT, statusCode=0, userMessage=Success (Success)}]
01-29 10:53:53.810 17988-17988 D/AGEphone Cloud Service: NotificationManager [MESSAGING] handleEvent()
       eventType = EVENT_CMD_ON_CALL_ACCEPT_WITH_RESPONSE_CODE_OK_RESULT
       eventGroup = CALL_SPECIFIC
       eventCategory = SIP_COMMAND_CONFIRMATION
       Bundle = Bundle[{callId=0, referenceIdentifier=, statusMessage=Success, fullMessage=CommandConsumerThread::CallAnswer() Success (Success), eventType=EVENT_CMD_ON_CALL_ACCEPT_WITH_RESPONSE_CODE_OK_RESULT, statusCode=0, userMessage=Success (Success)}]
01-29 10:53:53.812 17988-17988 D/AGEphone Cloud Service: SipService [MESSAGING] handleEventByInstance()
       eventType = EVENT_CMD_ON_CALL_ACCEPT_WITH_RESPONSE_CODE_OK_RESULT
       eventGroup = CALL_SPECIFIC
       eventCategory = SIP_COMMAND_CONFIRMATION
       Bundle = Bundle[{callId=0, referenceIdentifier=, statusMessage=Invalid operation (AG_EINVALIDOP), fullMessage=CommandConsumerThread::CallAnswer() Error answering call (Invalid operation (AG_EINVALIDOP)), eventType=EVENT_CMD_ON_CALL_ACCEPT_WITH_RESPONSE_CODE_OK_RESULT, statusCode=70013, userMessage=Error answering call (Invalid operation (AG_EINVALIDOP))}]
01-29 10:53:53.812 17988-17988 D/AGEphone Cloud Service: NotificationManager [MESSAGING] handleEvent()
       eventType = EVENT_CMD_ON_CALL_ACCEPT_WITH_RESPONSE_CODE_OK_RESULT
       eventGroup = CALL_SPECIFIC
       eventCategory = SIP_COMMAND_CONFIRMATION
       Bundle = Bundle[{callId=0, referenceIdentifier=, statusMessage=Invalid operation (AG_EINVALIDOP), fullMessage=CommandConsumerThread::CallAnswer() Error answering call (Invalid operation (AG_EINVALIDOP)), eventType=EVENT_CMD_ON_CALL_ACCEPT_WITH_RESPONSE_CODE_OK_RESULT, statusCode=70013, userMessage=Error answering call (Invalid operation (AG_EINVALIDOP))}]
01-29 10:53:53.815 17988-17988 D/AGEphone Cloud Service: NotificationManager [MESSAGING] handleEvent()
       eventType = EVENT_ON_ERROR
       eventGroup = OTHER
       eventCategory = OTHER_NOTIFICATION
       Bundle = Bundle[{popupMessage=Error answering call (Invalid operation (AG_EINVALIDOP)), logMessage=CommandConsumerThread::CallAnswer() Error answering call (Invalid operation (AG_EINVALIDOP)), hideFromUser=false, eventType=EVENT_ON_ERROR, statusCode=70013, errorType=4, notificationMessage=Invalid operation (AG_EINVALIDOP), logLevel=1}]
01-29 10:53:53.814 17550-17550 I/AGEphone Cloud Activity: ActivityBroadcastReceiver [INTERACTION CODE_ENTRY] Received service event (EVENT_CMD_ON_CALL_ACCEPT_WITH_RESPONSE_CODE_OK_RESULT)
01-29 10:53:53.814 17550-17550 D/AGEphone Cloud Activity: BasicFunctionalityLocker [FUNCTIONALITY_LOCKER] "ReconnectAccount" handleServiceEvent(EVENT_CMD_ON_CALL_ACCEPT_WITH_RESPONSE_CODE_OK_RESULT)
01-29 10:53:53.814 17550-17550 D/AGEphone Cloud Activity: ActivityBroadcastReceiver [MESSAGING] handleServiceEventIntent()
       eventType = EVENT_CMD_ON_CALL_ACCEPT_WITH_RESPONSE_CODE_OK_RESULT
       eventGroup = CALL_SPECIFIC
       eventCategory = SIP_COMMAND_CONFIRMATION
       Bundle = Bundle[{callId=0, referenceIdentifier=, statusMessage=Success, fullMessage=CommandConsumerThread::CallAnswer() Success (Success), eventType=EVENT_CMD_ON_CALL_ACCEPT_WITH_RESPONSE_CODE_OK_RESULT, statusCode=0, userMessage=Success (Success)}]
01-29 10:53:53.814 17550-17550 I/AGEphone Cloud Activity: ActivityBroadcastReceiver Activity: onCallAcceptWithResponseCodeOkResult: callId: 0, result: 0
01-29 10:53:53.814 17550-17550 D/AGEphone Cloud Activity: ActivityBroadcastReceiver [INTERACTION CODE_EXIT] 
01-29 10:53:53.816 17550-17550 I/AGEphone Cloud Activity: ActivityBroadcastReceiver [INTERACTION CODE_ENTRY] Received service event (EVENT_CMD_ON_CALL_ACCEPT_WITH_RESPONSE_CODE_OK_RESULT)
01-29 10:53:53.816 17550-17550 D/AGEphone Cloud Activity: BasicFunctionalityLocker [FUNCTIONALITY_LOCKER] "ReconnectAccount" handleServiceEvent(EVENT_CMD_ON_CALL_ACCEPT_WITH_RESPONSE_CODE_OK_RESULT)
01-29 10:53:53.816 17550-17550 D/AGEphone Cloud Activity: ActivityBroadcastReceiver [MESSAGING] handleServiceEventIntent()
       eventType = EVENT_CMD_ON_CALL_ACCEPT_WITH_RESPONSE_CODE_OK_RESULT
       eventGroup = CALL_SPECIFIC
       eventCategory = SIP_COMMAND_CONFIRMATION
       Bundle = Bundle[{callId=0, referenceIdentifier=, statusMessage=Invalid operation (AG_EINVALIDOP), fullMessage=CommandConsumerThread::CallAnswer() Error answering call (Invalid operation (AG_EINVALIDOP)), eventType=EVENT_CMD_ON_CALL_ACCEPT_WITH_RESPONSE_CODE_OK_RESULT, statusCode=70013, userMessage=Error answering call (Invalid operation (AG_EINVALIDOP))}]
01-29 10:53:53.816 17550-17550 I/AGEphone Cloud Activity: ActivityBroadcastReceiver Activity: onCallAcceptWithResponseCodeOkResult: callId: 0, result: 70013
01-29 10:53:53.816 17550-17550 D/AGEphone Cloud Activity: ActivityBroadcastReceiver [INTERACTION CODE_EXIT] 
01-29 10:53:53.819 17550-17550 I/AGEphone Cloud Activity: ActivityBroadcastReceiver [INTERACTION CODE_ENTRY] Received service event (EVENT_ON_ERROR)
01-29 10:53:53.819 17550-17550 D/AGEphone Cloud Activity: BasicFunctionalityLocker [FUNCTIONALITY_LOCKER] "ReconnectAccount" handleServiceEvent(EVENT_ON_ERROR)
01-29 10:53:53.819 17550-17550 D/AGEphone Cloud Activity: ActivityBroadcastReceiver [MESSAGING] handleServiceEventIntent()
       eventType = EVENT_ON_ERROR
       eventGroup = OTHER
       eventCategory = OTHER_NOTIFICATION
       Bundle = Bundle[{popupMessage=Error answering call (Invalid operation (AG_EINVALIDOP)), logMessage=CommandConsumerThread::CallAnswer() Error answering call (Invalid operation (AG_EINVALIDOP)), hideFromUser=false, eventType=EVENT_ON_ERROR, statusCode=70013, errorType=4, notificationMessage=Invalid operation (AG_EINVALIDOP), logLevel=1}]
01-29 10:53:53.819 17550-17550 I/AGEphone Cloud Activity: ErrorManager handleServiceError() clearing last error
01-29 10:53:53.820 17550-17550 V/AGEphone Cloud Activity: ErrorManager [NOTIFICATION] handleServiceError() Status: this.lastErrorType = LOG_TYPE_SIP_MANAGER_ERROR, this.currentErrorType = LOG_TYPE_SIP_MANAGER_ERROR, this.lastErrorMessage = null, this.currentErrorMessage = null
01-29 10:53:53.820 17550-17550 V/AGEphone Cloud Activity: ErrorManager error procedure: LOG_OUTPUT
01-29 10:53:53.820 17550-17550 E/AGEphone Cloud Activity: ErrorManager Error answering call (Invalid operation (AG_EINVALIDOP))
01-29 10:53:53.820 17550-17550 D/AGEphone Cloud Activity: ActivityBroadcastReceiver [INTERACTION CODE_EXIT] 
01-29 10:53:53.858 17988-18044 V/AGEphone Cloud Service: [TID]512990694576 [TNAME]"CommandConsumerThread"         sip_endpoint.c  [TRANSPORT] Processing incoming message on transport tlsc0xb4000079882b062c : Request msg ACK/cseq=1 (rdata0xb4000079882b091c)
01-29 10:53:53.859 17988-18044 D/AGEphone Cloud Service: [TID]512990694576 [TNAME]"CommandConsumerThread"           agsua_core.c  .RX 352 bytes Request msg ACK/cseq=1 (rdata0xb4000079882b091c) from TLS 123.226.26.42:35061:
    ACK sips:35@10.126.88.65:23001;transport=TLS SIP/2.0
    Via: SIP/2.0/TLS 0st1nf.ddns.sdework.com:35061;branch=z9hG4bK6uSzBhdW
    From: <sip:15@192.168.0.10:5060>;tag=d553d1ad
    To: <sip:35@192.168.0.240:5060>;tag=cbc5f722-e60e-43b5-99de-9f7a2c6e7cd4
    Call-ID: 0mwqGzBlalR7Ib0c0W028PD8h65dr81g--_6b8b45c3
    CSeq: 1 ACK
    Max-Forwards: 70
    Content-Length: 0
    
    
    --end msg--
01-29 10:53:53.859 17988-18044 V/AGEphone Cloud Service: [TID]512990694576 [TNAME]"CommandConsumerThread" SipModule::UpdatePAssertedIdentity() Checking incoming "ACK" request...
01-29 10:53:53.859 17988-18044 V/AGEphone Cloud Service: [TID]512990694576 [TNAME]"CommandConsumerThread" SipModule::UpdatePAssertedIdentity() Nothing to do for this request.
01-29 10:53:53.860 17988-18044 V/AGEphone Cloud Service: [TID]512990694576 [TNAME]"CommandConsumerThread"  dlg0xb40000793824042c  .Received Request msg ACK/cseq=1 (rdata0xb4000079882b091c)
01-29 10:53:53.860 17988-18044 V/AGEphone Cloud Service: [TID]512990694576 [TNAME]"CommandConsumerThread"  tsx0xb400007938241cbc  ..Request to terminate transaction
01-29 10:53:53.860 17988-18044 V/AGEphone Cloud Service: [TID]512990694576 [TNAME]"CommandConsumerThread"  tsx0xb400007938241cbc  ...State changed from Completed to Terminated, event=USER
01-29 10:53:53.861 17988-18044 V/AGEphone Cloud Service: [TID]512990694576 [TNAME]"CommandConsumerThread"  dlg0xb40000793824042c  ....Transaction tsx0xb400007938241cbc state changed to Terminated
01-29 10:53:53.861 17988-18044 V/AGEphone Cloud Service: [TID]512990694576 [TNAME]"CommandConsumerThread" tdta0xb4000079782553bc  .....Destroying txdata Response msg 200/INVITE/cseq=1 (tdta0xb4000079782553bc)
01-29 10:53:53.861 17988-18044 V/AGEphone Cloud Service: [TID]512990694576 [TNAME]"CommandConsumerThread" CallManager::OnCallTransactionState() call_id 0, method: INVITE_METHOD, transactionState = SUCCESS, status_code = 200, status_text = OK, state = TSX_STATE_TERMINATED, transport_error = 0, event_type = EVENT_TSX_STATE, previous_state = TSX_STATE_COMPLETED, event_source_type = EVENT_USER
01-29 10:53:53.862 17988-18044 I/AGEphone Cloud Service: [TID]512990694576 [TNAME]"CommandConsumerThread" CallManager::OnCallTransactionState() Call 0: transaction (method: 0) sent successfully
01-29 10:53:53.862 17988-18044 V/AGEphone Cloud Service: [TID]512990694576 [TNAME]"CommandConsumerThread" CallManager::OnCallTransactionState() Transaction role is UAS. Event source type is not RX_MSG
01-29 10:53:53.862 17988-18044 V/AGEphone Cloud Service: [TID]512990694576 [TNAME]"CommandConsumerThread" CallManager::OnCallState() call_id = 0
01-29 10:53:53.862 17988-18044 V/AGEphone Cloud Service: [TID]512990694576 [TNAME]"CommandConsumerThread" [CALL_USER_DATA] CallManager::DisposeUnusedCallUserDatas() Checking for unused CallUserDatas...
01-29 10:53:53.862 17988-18044 I/AGEphone Cloud Service: [TID]512990694576 [TNAME]"CommandConsumerThread" [CALL_STATUS] CallManager::OnCallState() Call state for call 0 changed to CONFIRMED
01-29 10:53:53.863 17988-18044 V/AGEphone Cloud Service: [TID]512990694576 [TNAME]"CommandConsumerThread" CalledNumber::InitType() <sips:0st1nf.ddns.sdework.com:35061;transport=tls> seems to be SIP-URI, but it does not contain a user id.
01-29 10:53:53.863 17988-18044 V/AGEphone Cloud Service: [TID]512990694576 [TNAME]"CommandConsumerThread" CallManager::HasEarlyMedia() Call ID 0 does NOT have early media (detection method: CHECK_ACTUAL_MEDIA)
01-29 10:53:53.864 17988-18044 V/AGEphone Cloud Service: [TID]512990694576 [TNAME]"CommandConsumerThread" CallSourceAccumulator::GetCallSoundInfo() CallSource "SipCallSource" found call 0.
01-29 10:53:53.864 17988-18044 D/AGEphone Cloud Service: [TID]512990694576 [TNAME]"CommandConsumerThread" SoundManager::ExecutePlayAllSoundsForCallId() Will play sounds for call 0
01-29 10:53:53.864 17988-18044 D/AGEphone Cloud Service: [TID]512990694576 [TNAME]"CommandConsumerThread" SoundManager::PlayStateSoundForCallSoundInfo() Call(id = 0, SIP, INCOMING, CONNECTED, ENCODING_DECODING, UNHELD, NOT_DISCONNECTED_YET, WITHOUT early media, WITH media)
01-29 10:53:53.864 17988-18044 D/AGEphone Cloud Service: [TID]512990694576 [TNAME]"CommandConsumerThread" SoundManager::PlayStateSoundForCallSoundInfo() Call 0 is CONNECTED.
01-29 10:53:53.865 17988-18044 D/AGEphone Cloud Service: [TID]512990694576 [TNAME]"CommandConsumerThread" SoundManager::PlayStateSoundForCallSoundInfo() did_set_user_preferred_speaker_route was false. Setting speaker route to internal.
01-29 10:53:53.865 17988-18044 D/AGEphone Cloud Service: [TID]512990694576 [TNAME]"CommandConsumerThread" SoundManager::PlayStateSoundForCallSoundInfo() Call 0 is NOT on hold. Not playing hold music.
01-29 10:53:53.865 17988-18044 V/AGEphone Cloud Service: [TID]512990694576 [TNAME]"CommandConsumerThread" SoundManager::StopAllSoundsOnActiveCallChannel() Stopping all sound on the active call channel...
01-29 10:53:53.865 17988-18044 V/AGEphone Cloud Service: [TID]512990694576 [TNAME]"CommandConsumerThread" SoundChannel::StopAllSoundEffects() Stopping all sound effects for channel "Active Call Channel" (rewind = 0)
01-29 10:53:53.865 17988-18044 V/AGEphone Cloud Service: [TID]512990694576 [TNAME]"CommandConsumerThread" CallStatus::Initialize() youngest_preferred_call = -1, youngest_ringing_call = -1, youngest_call_on_answering_machine = -1, next_call = -1, next_conference = -1
01-29 10:53:53.866 17988-18044 V/AGEphone Cloud Service: [TID]512990694576 [TNAME]"CommandConsumerThread" CallStatus::LoadFromSipEngine() enumerated 1 calls
01-29 10:53:53.866 17988-18044 V/AGEphone Cloud Service: [TID]512990694576 [TNAME]"CommandConsumerThread" CalledNumber::InitType() <sips:0st1nf.ddns.sdework.com:35061;transport=tls> seems to be SIP-URI, but it does not contain a user id.
01-29 10:53:53.866 17988-18044 V/AGEphone Cloud Service: [TID]512990694576 [TNAME]"CommandConsumerThread" CallManager::HasEarlyMedia() Call ID 0 does NOT have early media (detection method: CHECK_ACTUAL_MEDIA)
01-29 10:53:53.867 17988-18044 V/AGEphone Cloud Service: [TID]512990694576 [TNAME]"CommandConsumerThread" CallStatus::Initialize() youngest_preferred_call = 0, youngest_ringing_call = -1, youngest_call_on_answering_machine = -1, next_call = 0, next_conference = 100
01-29 10:53:53.868 17988-18044 V/AGEphone Cloud Service: [TID]512990694576 [TNAME]"CommandConsumerThread" CalledNumber::InitType() <sips:0st1nf.ddns.sdework.com:35061;transport=tls> seems to be SIP-URI, but it does not contain a user id.
01-29 10:53:53.868 17988-18044 V/AGEphone Cloud Service: [TID]512990694576 [TNAME]"CommandConsumerThread" CallManager::HasEarlyMedia() Call ID 0 does NOT have early media (detection method: CHECK_ACTUAL_MEDIA)
01-29 10:53:53.868 17988-18044 V/AGEphone Cloud Service: [TID]512990694576 [TNAME]"CommandConsumerThread" CallSourceAccumulator::GetCallSoundInfo() CallSource "SipCallSource" found call 0.
01-29 10:53:53.868 17988-18044 D/AGEphone Cloud Service: [TID]512990694576 [TNAME]"CommandConsumerThread" SoundManager::GetSpeakerRouteForCallSoundInfo() Call 0 is CONFIRMED. SpeakerRoute depends on user preferences. Using INTERNAL...
01-29 10:53:53.869 17988-18044 V/AGEphone Cloud Service: [TID]512990694576 [TNAME]"CommandConsumerThread" SoundManager::SpeakerRoutingLogic() Call 0 is active. Routing sound for this call. Using INTERNAL
01-29 10:53:53.869 17988-18044 I/AGEphone Cloud Service: NativeSoundListener [INTERACTION ENTRY] hasCapability(SPEAKER_ROUTE, )
01-29 10:53:53.869 17988-18044 D/AGEphone Cloud Service: NativeSoundListener [INTERACTION EXIT] 
01-29 10:53:53.869 17988-18044 W/AGEphone Cloud Service: [TID]512990694576 [TNAME]"CommandConsumerThread" SoundManager::SpeakerRoutingLogic() SoundListener does not have the capability to route speakers.
01-29 10:53:53.870 17988-18044 V/AGEphone Cloud Service: [TID]512990694576 [TNAME]"CommandConsumerThread" SoundManager::SpeakerRoutingLogic() Speaker route did not change.
01-29 10:53:53.870 17988-18044 I/AGEphone Cloud Service: NativeSoundListener [INTERACTION ENTRY] hasCapability(RINGTONE, )
01-29 10:53:53.870 17988-18044 D/AGEphone Cloud Service: NativeSoundListener [INTERACTION EXIT] 
01-29 10:53:53.870 17988-18044 V/AGEphone Cloud Service: [TID]512990694576 [TNAME]"CommandConsumerThread" SoundManager::StopRingTone() Stopping RingTone via sound listener...
01-29 10:53:53.870 17988-18044 I/AGEphone Cloud Service: NativeSoundListener [INTERACTION ENTRY] onStopRingTone()
01-29 10:53:53.871 17988-18044 I/AGEphone Cloud Service: RingTonePlayer stop()
01-29 10:53:53.871 17988-17988 I/AGEphone Cloud Service: RingTonePlayer stopInternal()
01-29 10:53:53.871 17988-18044 D/AGEphone Cloud Service: NativeSoundListener [INTERACTION EXIT] 
01-29 10:53:53.872 17988-18044 D/AGEphone Cloud Service: [TID]512990694576 [TNAME]"CommandConsumerThread" SoundManager::PlayEventSoundForCallSoundInfo() Call(id = 0, SIP, INCOMING, CONNECTED, ENCODING_DECODING, UNHELD, NOT_DISCONNECTED_YET, WITHOUT early media, WITH media)
01-29 10:53:53.872 17988-18044 I/AGEphone Cloud Service: [TID]512990694576 [TNAME]"CommandConsumerThread" CallManager::OnCallEstablished() Call 0 was established.
01-29 10:53:53.872 17988-18044 V/AGEphone Cloud Service: [TID]512990694576 [TNAME]"CommandConsumerThread" CallStatus::Initialize() youngest_preferred_call = -1, youngest_ringing_call = -1, youngest_call_on_answering_machine = -1, next_call = -1, next_conference = -1
01-29 10:53:53.873 17988-18044 V/AGEphone Cloud Service: [TID]512990694576 [TNAME]"CommandConsumerThread" CallStatus::LoadFromSipEngine() enumerated 1 calls
01-29 10:53:53.873 17988-18044 V/AGEphone Cloud Service: [TID]512990694576 [TNAME]"CommandConsumerThread" CalledNumber::InitType() <sips:0st1nf.ddns.sdework.com:35061;transport=tls> seems to be SIP-URI, but it does not contain a user id.
01-29 10:53:53.874 17988-18044 V/AGEphone Cloud Service: [TID]512990694576 [TNAME]"CommandConsumerThread" CallManager::HasEarlyMedia() Call ID 0 does NOT have early media (detection method: CHECK_ACTUAL_MEDIA)
01-29 10:53:53.874 17988-18044 V/AGEphone Cloud Service: [TID]512990694576 [TNAME]"CommandConsumerThread" CallStatus::Initialize() youngest_preferred_call = 0, youngest_ringing_call = -1, youngest_call_on_answering_machine = -1, next_call = 0, next_conference = 100
01-29 10:53:53.874 17988-18044 D/AGEphone Cloud Service: [TID]512990694576 [TNAME]"CommandConsumerThread" [RINGING_TIMEOUT] CallManager::StopRingingTimer() Stopping ringing timers for call 0...
01-29 10:53:53.875 17988-18044 V/AGEphone Cloud Service: [TID]512990694576 [TNAME]"CommandConsumerThread" CallManager::OnCallEstablished() Start streaming VoipIdentification for call 0 (if any)...
01-29 10:53:53.875 17988-18044 V/AGEphone Cloud Service: [TID]512990694576 [TNAME]"CommandConsumerThread" CallStatus::Initialize() youngest_preferred_call = -1, youngest_ringing_call = -1, youngest_call_on_answering_machine = -1, next_call = -1, next_conference = -1
01-29 10:53:53.876 17988-18044 V/AGEphone Cloud Service: [TID]512990694576 [TNAME]"CommandConsumerThread" CallStatus::LoadFromSipEngine() enumerated 1 calls
01-29 10:53:53.876 17988-18044 V/AGEphone Cloud Service: [TID]512990694576 [TNAME]"CommandConsumerThread" CalledNumber::InitType() <sips:0st1nf.ddns.sdework.com:35061;transport=tls> seems to be SIP-URI, but it does not contain a user id.
01-29 10:53:53.877 17988-18044 V/AGEphone Cloud Service: [TID]512990694576 [TNAME]"CommandConsumerThread" CallManager::HasEarlyMedia() Call ID 0 does NOT have early media (detection method: CHECK_ACTUAL_MEDIA)
01-29 10:53:53.877 17988-18044 V/AGEphone Cloud Service: [TID]512990694576 [TNAME]"CommandConsumerThread" CallStatus::Initialize() youngest_preferred_call = 0, youngest_ringing_call = -1, youngest_call_on_answering_machine = -1, next_call = 0, next_conference = 100
01-29 10:53:53.879 17988-18044 I/AGEphone Cloud Service: [TID]512990694576 [TNAME]"CommandConsumerThread" CallStatus::FireCallEstablishedEvent() [CALL_STATUS] 
        CallStatus(id = 6yes1yfOXRVU9UIU1JkKx4UE7qVmW6s6, event = ON_CALL_ESTABLISHED, associated call(s) = 0)
        Contains 1 call(s) total / 1 busy call(s):
        CallInfo(call_id = 0, remote = 15, uuid = 599f46e4-f31b-4350-aaf9-f778569c296c, direction = INCOMING, status = CONFIRMED, hold = NOT_ON_HOLD)
        Details:
        CallStatus(
            description_ = CallStatus(id = 6yes1yfOXRVU9UIU1JkKx4UE7qVmW6s6, event = ON_CALL_ESTABLISHED, associated call(s) = 0)
            call_count_ = 1
            total_busy_call_count_ = 1
            busy_call_count_without_filtered_calls_ = 1
            associated_calls_ = [0]
            associated_conferences_ = [100]
            next_call_id_in_sequence_ = 0
            next_conference_id_in_sequence_ = 100
            active_conference_id_ = -1
            overall_call_state_ = TALKING
            overall_vibration_behavior_ = SYSTEM_DEFAULT
            CallInfo(
                call_id_ = 0
                uuid_ = 599f46e4-f31b-4350-aaf9-f778569c296c
                associated_script_thread_id_ = 
                custom_data_ = 
                conference_id_ = 100
                replaces_ = -1
                replaced_by_ = -1
                role_ = ROLE_UAS
                account_id_ = 10000
                account_name_ = 35@0st1nf.ddns.sdework.com
                dialed_number_ = 
                local_info_ = <sip:35@192.168.0.240>
                local_contact_ = "35" <sips:35@10.126.88.65:23001;transport=TLS>
                local_p_preferred_identity_ = 
                local_p_associated_uri_ = 
                local_p_called_party_id_ = 
                remote_info_ = <sip:15@192.168.0.10>
                remote_contact_ = <sips:0st1nf.ddns.sdework.com:35061;transport=tls>
                remote_p_asserted_identity_ = 
                sip_call_id_ = 0mwqGzBlalR7Ib0c0W028PD8h65dr81g--_6b8b45c3
                state_ = 5
                last_state_ = 4
                state_text_ = CONFIRMED
                last_status_ = 200
                last_status_text_ = OK
                forwarded_to_ = 
                answered_by_ = 
                media_status_ = CALL_MEDIA_ACTIVE
                media_direction_ = DIR_ENCODING_DECODING
                conference_slot_ = 10
                current_expected_loss_rate_ = 0
                connect_duration_ = 14
                total_duration_ = 8585
                recording_duration_ = 0
                privacy_type_ = DISABLED
                record_file_name_ = 
                is_talking_ = 1
                is_ringing_ = 0
                is_outgoing_ = 0
                is_incoming_ = 1
                is_busy_ = 1
                is_dialing_ = 0
                [HOLD] is_hold_ = 0
                [HOLD] is_remote_hold_ = 0
                [HOLD] is_local_hold_ = 0
                [HOLD] local_sip_hold_status_ = UNHELD
                [HOLD] media_hold_status_ = UNHELD
                is_mute_ = 0
                is_silent_ = 0
                ui_mute_ = 0
                ui_silent_ = 0
                is_recording_ = 0
                was_recorded_ = 0
                is_streaming_ = 0
                is_connected_to_answering_machine_ = 0
                was_connected_to_answering_machine_ = 0
                was_auto_declined_ = 0
                was_handover_ = 0
                was_connected_to_remote_ = 1
                was_connected_to_operator_ = 1
                is_missed_call_ = 0
                has_media_ = 1
                has_early_media_ = 0
                call_started_timestamp_ = 2024/01/29 10:53:45.311 (1706493225311927)
                call_connected_timestamp_ = 2024/01/29 10:53:53.872 (1706493233872572)
                [FILTER] filter_type_ = UNFILTERED
                operation_type_ = MANUAL
                replace_type_ = NONE
                disconnect_type_ = NOT_DISCONNECTED_YET
                current_call_quality_ = GOOD
                current_call_quality_reason_ = NO_ANOMALIES_DETECTED
                worst_call_quality_ = GOOD
                worst_call_quality_reason_ = NO_ANOMALIES_DETECTED
                call_forwarding_type_ = NONE
                direction_ = INCOMING
                ringing_behavior_ = RingingBehavior(
                    ringtone_ = content://settings/system/ringtone
                    , ringing_behavior_ = SYSTEM_DEFAULT
                    , vibration_behavior_ = SYSTEM_DEFAULT
                    , popup_behavior_ = SYSTEM_DEFAULT
                    )
                incoming_sip_headers_ = []
                outgoing_sip_headers_ = []
                response_sip_headers_ = []
                zrtp_info = ZrtpInfo(
                    zrtp_plugin_is_active_ = 0
                    short_authentication_string_is_confirmed_ = 0
                    security_level_ = NOT_SECURE
                    secure_since_ = 0
                    peer_client_id_ = 
                    hash_name_ = 
                    cipher_name_ = 
                    auth_name_ = 
                    short_authentication_string_name_ = 
                    public_key_exchange_name_ = 
                    short_authentication_string_ = 
                    )
                )
        )
01-29 10:53:53.880 17988-18044 I/AGEphone Cloud Service: [TID]512990694576 [TNAME]"CommandConsumerThread" CallStatus::FireCallEstablishedEvent() ConferenceStatus(
        count = 1
        Conference(
            conference_id = 100
            overall_call_state = TALKING
            calls = [
                CallInfo(call_id = 0, remote = 15, uuid = 599f46e4-f31b-4350-aaf9-f778569c296c, direction = INCOMING, status = CONFIRMED, hold = NOT_ON_HOLD)
            ]
            can_send_dtmf = 1
            is_hold = 0
            is_local_hold = 0
            is_remote_hold = 0
            is_trying_to_unhold = 0
            is_recording = 0
            is_mute = 0
            is_silent = 0
            is_connected_to_answering_machine = 0
            host_call_id = 0
            ),
        )
01-29 10:53:53.881 17988-18043 V/AGEphone Cloud Service: [TID]513086319792 [TNAME]"EventConsumerThread" CallStatus::Initialize() youngest_preferred_call = -1, youngest_ringing_call = -1, youngest_call_on_answering_machine = -1, next_call = -1, next_conference = -1
01-29 10:53:53.881 17988-18044 V/AGEphone Cloud Service: [TID]512990694576 [TNAME]"CommandConsumerThread"  tsx0xb400007938241cbc  Timeout timer event
01-29 10:53:53.881 17988-18044 V/AGEphone Cloud Service: [TID]512990694576 [TNAME]"CommandConsumerThread"  tsx0xb400007938241cbc  .State changed from Terminated to Destroyed, event=TIMER
01-29 10:53:53.881 17988-18043 V/AGEphone Cloud Service: [TID]513086319792 [TNAME]"EventConsumerThread" [CALL_STATUS] EventConsumerThread::OnCallEstablished() Listener 0x777243d428 will process CallStatus(id = 6yes1yfOXRVU9UIU1JkKx4UE7qVmW6s6, event = ON_CALL_ESTABLISHED, associated call(s) = 0)...
01-29 10:53:53.882 17988-18044 V/AGEphone Cloud Service: [TID]512990694576 [TNAME]"CommandConsumerThread" tdta0xb4000079782565cc  ..Destroying txdata Response msg 200/INVITE/cseq=1 (tdta0xb4000079782565cc)
01-29 10:53:53.882 17988-18043 I/AGEphone Cloud Service: [TID]513086319792 [TNAME]"EventConsumerThread" SipInterface::OnCallEstablished() call id = 0
01-29 10:53:53.882 17988-18044 V/AGEphone Cloud Service: [TID]512990694576 [TNAME]"CommandConsumerThread"  tsx0xb400007938241cbc  Transaction destroyed!
01-29 10:53:53.882 17988-18043 I/AGEphone Cloud Service: NativeInterface [INTERACTION ENTRY] Call established: callId: 0
01-29 10:53:53.882 17988-18043 I/AGEphone Cloud Service: NativeInterface onCallEstablished: call_id: 0
01-29 10:53:53.883 17988-18043 D/AGEphone Cloud Service: DefaultCallInfoResolver selectRemoteUriToUse() Use RemoteInfo URI
01-29 10:53:53.884 17988-18043 D/AGEphone Cloud Service: DefaultCallInfoResolver selectRemoteUriToUse() Use RemoteInfo URI
01-29 10:53:53.884 17988-18043 D/AGEphone Cloud Service: CallData init() call_started_timestamp = 1706493225311, date = Mon Jan 29 10:53:45 GMT+09:00 2024
01-29 10:53:53.884 17988-18043 D/AGEphone Cloud Service: ServiceLibraryEventHandler Received native event
01-29 10:53:53.884 17988-18043 D/AGEphone Cloud Service: NativeInterface [INTERACTION EXIT] 
01-29 10:53:53.884 17988-17988 D/AGEphone Cloud Service: SipService [MESSAGING] handleEventByInstance()
       eventType = EVENT_ON_CALL_ESTABLISHED
       eventGroup = CALL_SPECIFIC
       eventCategory = SIP_NOTIFICATION
       Bundle = Bundle[{callId=0, IDENTIFIER_CALL_STATUS=com.ageet.AGEphone.Activity.SipStatus.CallStatus@4179e10, eventType=EVENT_ON_CALL_ESTABLISHED}]
01-29 10:53:53.885 17988-17988 D/AGEphone Cloud Service: CallStatus CallStatus#update() overallCallState = OVERALL_CALL_STATE_TALKING, totalBusyCallCount = 1, busyCallCountWithoutFilteredCalls = 1, nextCallIdInSequence = 0
01-29 10:53:53.885 17988-18043 V/AGEphone Cloud Service: [TID]513086319792 [TNAME]"EventConsumerThread" [CALL_STATUS] EventConsumerThread::OnCallEstablished() Listener 0x777243d428 did process CallStatus(id = 6yes1yfOXRVU9UIU1JkKx4UE7qVmW6s6, event = ON_CALL_ESTABLISHED, associated call(s) = 0).
01-29 10:53:53.885 17988-17988 V/AGEphone Cloud Service: SipServiceState [SIP_SERVICE_STATE] setOverallCallState() last: OVERALL_CALL_STATE_RINGING, current: OVERALL_CALL_STATE_TALKING
01-29 10:53:53.885 17988-17988 V/AGEphone Cloud Service: SipServiceState [SIP_SERVICE_STATE] getUpdateType() updateType: OVERALL_CALL_STATE
01-29 10:53:53.885 17988-17988 V/AGEphone Cloud Service: ApplicationBase [LIFECYCLE] retrieveIntentToStartActivity()
01-29 10:53:53.888 17988-17988 D/AGEphone Cloud Service: NotificationManager [MESSAGING] handleEvent()
       eventType = EVENT_ON_CALL_ESTABLISHED
       eventGroup = CALL_SPECIFIC
       eventCategory = SIP_NOTIFICATION
       Bundle = Bundle[{callId=0, IDENTIFIER_CALL_STATUS=com.ageet.AGEphone.Activity.SipStatus.CallStatus@4179e10, eventType=EVENT_ON_CALL_ESTABLISHED}]
01-29 10:53:53.890 17988-17988 D/AGEphone Cloud Service: SipService onOverallCallStateChanged() newState = OVERALL_CALL_STATE_TALKING, oldState = OVERALL_CALL_STATE_RINGING
01-29 10:53:53.890 17988-17988 D/AGEphone Cloud Service: CallStatus CallStatus#update() overallCallState = OVERALL_CALL_STATE_TALKING, totalBusyCallCount = 1, busyCallCountWithoutFilteredCalls = 1, nextCallIdInSequence = 0
01-29 10:53:53.894 17550-17550 I/AGEphone Cloud Activity: ActivityBroadcastReceiver [INTERACTION CODE_ENTRY] Received service event (EVENT_ON_CALL_ESTABLISHED)
01-29 10:53:53.895 17550-17550 D/AGEphone Cloud Activity: BasicFunctionalityLocker [FUNCTIONALITY_LOCKER] "ReconnectAccount" handleServiceEvent(EVENT_ON_CALL_ESTABLISHED)
01-29 10:53:53.895 17550-17550 D/AGEphone Cloud Activity: ActivityBroadcastReceiver [MESSAGING] handleServiceEventIntent()
       eventType = EVENT_ON_CALL_ESTABLISHED
       eventGroup = CALL_SPECIFIC
       eventCategory = SIP_NOTIFICATION
       Bundle = Bundle[{callId=0, IDENTIFIER_CALL_STATUS=Supplier{VAL_SERIALIZABLE@84+5180}, eventType=EVENT_ON_CALL_ESTABLISHED}]
01-29 10:53:53.898 17550-17550 D/AGEphone Cloud Activity: CallStatus CallStatus#update() overallCallState = OVERALL_CALL_STATE_TALKING, totalBusyCallCount = 1, busyCallCountWithoutFilteredCalls = 1, nextCallIdInSequence = 0
01-29 10:53:53.898 17550-17550 I/AGEphone Cloud Activity: ActivityBroadcastReceiver Activity: onCallEstablished: callId: 0
01-29 10:53:53.898 17550-17550 I/AGEphone Cloud Activity: DialTextView handleCallStateUpdate() callId:0, changeType:ESTABLISHED
01-29 10:53:53.899 17550-17550 D/AGEphone Cloud Activity: ActionButtonGroup adjustActiveButton(TALKING) com.ageet.agephonecloud:id/ActionButtonGroupAction1
01-29 10:53:53.899 17550-17550 D/AGEphone Cloud Activity: ActionButtonGroup Checking ActionButton MORE
01-29 10:53:53.900 17550-17550 D/AGEphone Cloud Activity: ActionButtonGroup conditions are met
01-29 10:53:53.900 17550-17550 D/AGEphone Cloud Activity: ActionButton onBecomesInactive (MORE)
01-29 10:53:53.900 17550-17550 D/AGEphone Cloud Activity: ActionButton onBecomesActive (MORE)
01-29 10:53:53.901 17550-17550 D/AGEphone Cloud Activity: ActionButtonGroup adjustActiveButton(TALKING) com.ageet.agephonecloud:id/ActionButtonGroupAction2
01-29 10:53:53.901 17550-17550 D/AGEphone Cloud Activity: ActionButtonGroup Checking ActionButton TRANSFER
01-29 10:53:53.901 17550-17550 V/AGEphone Cloud Activity: BackgroundConversationSubConditionSet [ActionButton] checking condition: ONE_BACKGROUND_CONVERSATION_ON_HOLD
01-29 10:53:53.902 17550-17550 V/AGEphone Cloud Activity: BackgroundConversationSubConditionSet [ActionButton] overall result: false
01-29 10:53:53.902 17550-17550 D/AGEphone Cloud Activity: ActionButtonGroup Checking ActionButton HOLD
01-29 10:53:53.903 17550-17550 V/AGEphone Cloud Activity: BackgroundConversationSubConditionSet [ActionButton] checking condition: ACTIVE_CONVERSATION_NOT_ON_REMOTE_HOLD
01-29 10:53:53.903 17550-17550 V/AGEphone Cloud Activity: BackgroundConversationSubConditionSet [ActionButton] overall result: true
01-29 10:53:53.904 17550-17550 D/AGEphone Cloud Activity: ActionButtonGroup conditions are met
01-29 10:53:53.904 17550-17550 D/AGEphone Cloud Activity: ActionButton onBecomesInactive (ACCEPT)
01-29 10:53:53.905 17550-17550 D/AGEphone Cloud Activity: ActionButton onBecomesActive (HOLD)
01-29 10:53:53.905 17550-17550 D/AGEphone Cloud Activity: BackgroundConversationSubConditionSet starting to watch for sub condition changes
01-29 10:53:53.906 17550-17550 D/AGEphone Cloud Activity: ActionButtonGroup adjustActiveButton(TALKING) com.ageet.agephonecloud:id/ActionButtonGroupAction3
01-29 10:53:53.906 17550-17550 D/AGEphone Cloud Activity: ActionButtonGroup Checking ActionButton HANGUP
01-29 10:53:53.906 17550-17550 D/AGEphone Cloud Activity: ActionButtonGroup conditions are met
01-29 10:53:53.907 17550-17550 D/AGEphone Cloud Activity: ActionButton onBecomesInactive (HANGUP)
01-29 10:53:53.907 17550-17550 D/AGEphone Cloud Activity: ActionButton onBecomesActive (HANGUP)
01-29 10:53:53.907 17550-17550 D/AGEphone Cloud Activity: ScreenlockManager isScreenLockedInstance() isCustomLockActive = false
01-29 10:53:53.916 17550-17550 D/AGEphone Cloud Activity: ActivityBroadcastReceiver [INTERACTION CODE_EXIT] 
01-29 10:53:53.919 17988-17988 D/AGEphone Cloud Service: ProximitySensorForCall [PROXIMITY] Received service event(eventType = EVENT_ON_CALL_ESTABLISHED)
01-29 10:53:53.921 17988-17988 V/AGEphone Cloud Service: ServiceAudioManager getCurrentSpeakerRoute() INTERNAL
01-29 10:53:53.921 17988-17988 D/AGEphone Cloud Service: ProximitySensorForCall [PROXIMITY] enable() Acquiring Wakelock for Proximity...
01-29 10:53:53.925 17550-17550 I/AGEphone Cloud Activity: IncomingCallScreen Received call disconnected or established event(action = com.ageet.agephonecloud.EVENT_ON_CALL_ESTABLISHED), will finish
01-29 10:53:53.928 17550-17550 I/AGEphone Cloud Activity: IncomingCallScreen Call is not ringing anymore, will open incall screen
01-29 10:53:53.928 17550-17550 I/AGEphone Cloud Activity: InCallActivity Will open in call screen
01-29 10:53:53.929 17550-17550 D/AGEphone Cloud Activity: IncomingCallScreen onPause() callId = 0
01-29 10:53:53.929 17550-17550 D/AGEphone Cloud Activity: IncomingCallScreen setSystemUiFullScreen() Will update system ui (fullScreen = false)
01-29 10:53:53.929 17550-17550 D/AGEphone Cloud Activity: IncomingCallScreen onStop() callId = 0
01-29 10:53:53.929 17550-17550 I/AGEphone Cloud Activity: InCallScreen In call screen activity created
01-29 10:53:53.929 17550-17550 D/AGEphone Cloud Activity: ApplicationBase Application user got activated (InCallScreen{4a8c3c} (bd9f3af8-fb79-4f09-a98f-a5859f3f4448 id=0xb))
01-29 10:53:53.946 17550-17550 D/AGEphone Cloud Activity: InCallScreen Updating call quality (callId = 0, callState = TALKING, callQuality = GOOD)
01-29 10:53:53.947 17550-17550 D/AGEphone Cloud Activity: InCallScreen Updating conversation name (0)
01-29 10:53:53.947 17550-17550 D/AGEphone Cloud Activity: DefaultCallInfoResolver [CRM] Retrieving contact by remote user info (15)
01-29 10:53:53.947 17550-17550 D/AGEphone Cloud Activity: DefaultCallInfoResolver [CRM] No dialed number is available
01-29 10:53:53.947 17550-17550 D/AGEphone Cloud Activity: DefaultCallInfoResolver [CRM] Retrieving contact by filtered remote user id (15)
01-29 10:53:53.947 17550-17550 I/AGEphone Cloud Activity: ContactAccessor [CRM] specificContactLookupByPhoneNumberOrDefault() Performing priority contact lookup: phone number: 15
01-29 10:53:53.947 17550-17550 D/AGEphone Cloud Activity: MyPriorityAddressBookResolver specificContactLookupByPhoneNumberOrDefault() lookup number = 15
01-29 10:53:53.947 17550-17550 D/AGEphone Cloud Activity: CustomizableDialMenu specificContactLookupByPhoneNumberOrDefault() [ENTRY] *72954# = オフラインモード
01-29 10:53:53.947 17550-17550 D/AGEphone Cloud Activity: CustomizableDialMenu specificContactLookupByPhoneNumberOrDefault() [ENTRY] *72955# = 通常モード（発着）
01-29 10:53:53.947 17550-17550 D/AGEphone Cloud Activity: CustomizableDialMenu specificContactLookupByPhoneNumberOrDefault() [ENTRY] ## = ピックアップ
01-29 10:53:53.947 17550-17550 D/AGEphone Cloud Activity: CustomizableDialMenu specificContactLookupByPhoneNumberOrDefault() [RESULT] lookup number = 15, lookup result = 
01-29 10:53:53.947 17550-17550 I/AGEphone Cloud Activity: ContactAccessor [CRM] specificContactLookupByPhoneNumberOrDefault() Placing specific contact lookup request: phone number: 15
01-29 10:53:53.947 17550-17550 D/AGEphone Cloud Activity: DefaultCallInfoResolver [CRM] Generating remote screen name (15)
01-29 10:53:53.947 17550-17550 D/AGEphone Cloud Activity: DefaultCallInfoResolver [CRM] Requesting filtered remote contact name
01-29 10:53:53.947 17550-17550 D/AGEphone Cloud Activity: DefaultCallInfoResolver [CRM] Retrieving remote contact name (15)
01-29 10:53:53.948 17550-17550 D/AGEphone Cloud Activity: DefaultCallInfoResolver selectRemoteUriToUse() Use RemoteInfo URI
01-29 10:53:53.948 17550-17550 D/AGEphone Cloud Activity: DefaultCallInfoResolver [CRM] Replaced remote user id is not available, requires contact object
01-29 10:53:53.948 17550-17550 D/AGEphone Cloud Activity: DefaultCallInfoResolver [CRM] Will use passed pending contact
01-29 10:53:53.948 17550-17550 D/AGEphone Cloud Activity: DefaultCallInfoResolver [CRM] Requested remote contact name operation updated ()
01-29 10:53:53.948 17550-18318 D/AGEphone Cloud Activity: AndroidAddressBookContactSource [CRM] loadContactInfo() contactUri = content://com.android.contacts/phone_lookup/15
01-29 10:53:53.948 17550-18318 V/AGEphone Cloud Activity: AndroidAddressBookContactSource [CRM] loadContactInfo() using cached contact info (content://com.android.contacts/phone_lookup/15)
01-29 10:53:53.948 17550-18318 D/AGEphone Cloud Activity: DefaultCallInfoResolver [CRM] No valid contact found by filtered remote user id
01-29 10:53:53.948 17550-18318 D/AGEphone Cloud Activity: DefaultCallInfoResolver selectRemoteUriToUse() Use RemoteInfo URI
01-29 10:53:53.948 17550-18318 D/AGEphone Cloud Activity: DefaultCallInfoResolver [CRM] Remote display name is not available for contact lookup, giving up...
01-29 10:53:53.948 17550-18318 D/AGEphone Cloud Activity: DefaultCallInfoResolver [CRM] Contact is now available ()
01-29 10:53:53.948 17550-18318 D/AGEphone Cloud Activity: DefaultCallInfoResolver [CRM] Requested remote contact name operation finished ()
01-29 10:53:53.949 17550-18318 D/AGEphone Cloud Activity: DefaultCallInfoResolver selectRemoteUriToUse() Use RemoteInfo URI
01-29 10:53:53.949 17550-18318 D/AGEphone Cloud Activity: DefaultCallInfoResolver [CRM] Generating remote screen name operation finished (15)
01-29 10:53:53.949 17550-17550 D/AGEphone Cloud Activity: InCallScreen updateCallDuration
01-29 10:53:53.949 17988-18305 V/AGEphone Cloud Service: [TID]515414924464 [TNAME]"" [OPEN_SL] OpenSlAudioStream::RecorderCallback() Registering recorder thread...
01-29 10:53:53.951 17550-17550 I/AGEphone Cloud Activity: InCallScreen Active conversation was updated (null, 0)
01-29 10:53:53.951 17550-17550 D/AGEphone Cloud Activity: InCallScreen handleActiveConversationUpdated
01-29 10:53:53.953 17550-17550 D/AGEphone Cloud Activity: InCallScreen Updating call quality (callId = 0, callState = TALKING, callQuality = GOOD)
01-29 10:53:53.953 17550-17550 D/AGEphone Cloud Activity: InCallScreen Updating conversation name (0)
01-29 10:53:53.953 17550-17550 D/AGEphone Cloud Activity: InCallScreen Conversation name update received (15)
01-29 10:53:53.953 17550-17550 D/AGEphone Cloud Activity: InCallScreen updateCallDuration
01-29 10:53:53.968 17550-17550 D/AGEphone Cloud Activity: InCallScreen Conversation name update received (15)
01-29 10:53:53.990 17988-18309 V/AGEphone Cloud Service: [TID]515413884080 [TNAME]"" [OPEN_SL] OpenSlAudioStream::PlayerCallback() Registering player thread...
01-29 10:53:53.991 17988-18309 D/AGEphone Cloud Service: [TID]515413884080 [TNAME]"OpenSlPlayerThread" strm0xb40000798828a24c !Resetting jitter buffer in stream playback start
01-29 10:53:53.991 17988-18309 D/AGEphone Cloud Service: [TID]515413884080 [TNAME]"OpenSlPlayerThread"                 jbuf.c  jbuf_reset()
01-29 10:53:53.992 17988-18309 V/AGEphone Cloud Service: [TID]515413884080 [TNAME]"OpenSlPlayerThread" strm0xb40000798828a24c  Jitter buffer reset
01-29 10:53:54.021 17988-18309 V/AGEphone Cloud Service: [TID]515413884080 [TNAME]"OpenSlPlayerThread" strm0xb40000798828a24c  Start talksprut..
01-29 10:53:54.021 17988-18309 D/AGEphone Cloud Service: [TID]515413884080 [TNAME]"OpenSlPlayerThread" strm0xb40000798828a24c  [RTP] Start sending RTP! TX statistics: ptime = 20, interval_in_ms = 5000, interval_in_packets = 250
01-29 10:53:54.027 17988-18309 V/AGEphone Cloud Service: [TID]515413884080 [TNAME]"OpenSlPlayerThread" strm0xb40000798828a24c  GET prefetch_cnt=0/3
01-29 10:53:54.028 17988-18309 V/AGEphone Cloud Service: [TID]515413884080 [TNAME]"OpenSlPlayerThread" strm0xb40000798828a24c  Jitter buffer is bufferring (prefetch=3), PLC not invoked
01-29 10:53:54.067 17988-18309 V/AGEphone Cloud Service: [TID]515413884080 [TNAME]"OpenSlPlayerThread" strm0xb40000798828a24c  GET prefetch_cnt=0/3
01-29 10:53:54.094 17988-18247 W/AGEphone Cloud Service: [TID]515437051056 [TNAME]""                libsrtp !srtp: srtp_get_stream() Could not get stream with SSRC 0x5db374e2 [ntohl: 0xe274b35d] for session 0xb40000783858a310...
01-29 10:53:54.094 17988-18247 W/AGEphone Cloud Service: [TID]515437051056 [TNAME]""                libsrtp  srtp: srtp_get_stream() List of streams:
01-29 10:53:54.094 17988-18247 W/AGEphone Cloud Service: [TID]515437051056 [TNAME]""                libsrtp  srtp: srtp_get_stream() [STREAM_LIST_START]
01-29 10:53:54.095 17988-18247 W/AGEphone Cloud Service: [TID]515437051056 [TNAME]""                libsrtp  srtp: srtp_get_stream() [STREAM_LIST_END]
01-29 10:53:54.095 17988-18247 W/AGEphone Cloud Service: [TID]515437051056 [TNAME]""                libsrtp  srtp: using provisional stream (SSRC: 0x5db374e2 [ntohl: 0xe274b35d])
01-29 10:53:54.096 17988-18247 W/AGEphone Cloud Service: [TID]515437051056 [TNAME]""                libsrtp  srtp: cloning stream (SSRC: 0x5db374e2 [ntohl: 0xe274b35d])
01-29 10:53:54.096 17988-18247 W/AGEphone Cloud Service: [TID]515437051056 [TNAME]""                libsrtp  rdbx: [ROC] srtp_rdbx_init() roc = 0
01-29 10:53:54.096 17988-18247 D/AGEphone Cloud Service: [TID]515437051056 [TNAME]"" strm0xb40000798828a24c  [RTP] Start receiving RTP! 
01-29 10:53:54.096 17988-18247 V/AGEphone Cloud Service: [TID]515437051056 [TNAME]"" strm0xb40000798828a24c  RTP status: badpt=0, badssrc=0, dup=0, outorder=0, probation=-1, restart=0
01-29 10:53:54.097 17988-18247 D/AGEphone Cloud Service: [TID]515437051056 [TNAME]""                 opus.c  Opus ptime change detected: 20 ms --> 40 ms
01-29 10:53:54.097 17988-18247 D/AGEphone Cloud Service: [TID]515437051056 [TNAME]"" strm0xb40000798828a24c  codec decode ptime change detected: 20 -> 40 (payloadlen = 78, count = 1, bit_info = 65856)
01-29 10:53:54.097 17988-18247 D/AGEphone Cloud Service: [TID]515437051056 [TNAME]""                 jbuf.c  jbuf_reset()
01-29 10:53:54.097 17988-18247 V/AGEphone Cloud Service: [TID]515437051056 [TNAME]"" strm0xb40000798828a24c  Jitter buffer reset
01-29 10:53:54.107 17988-18309 V/AGEphone Cloud Service: [TID]515413884080 [TNAME]"OpenSlPlayerThread" strm0xb40000798828a24c !GET prefetch_cnt=1/3
01-29 10:53:54.148 17988-18309 V/AGEphone Cloud Service: [TID]515413884080 [TNAME]"OpenSlPlayerThread" strm0xb40000798828a24c  GET prefetch_cnt=2/3
01-29 10:53:54.188 17988-18309 V/AGEphone Cloud Service: [TID]515413884080 [TNAME]"OpenSlPlayerThread" strm0xb40000798828a24c  Jitter buffer starts returning normal frames (after 4 empty/lost)
01-29 10:53:54.229 17550-17550 D/AGEphone Cloud Activity: IncomingCallScreen onDestroy() callId = 0
01-29 10:53:54.230 17550-17550 D/AGEphone Cloud Activity: IncomingCallScreen unregistering CallEventReceiver
01-29 10:53:54.233 17550-17550 D/AGEphone Cloud Activity: ApplicationBase Application user got deactivated (IncomingCallScreen{15dbc33} (32dc75ef-b479-409a-bcbf-9518e2663791 id=0xb), false)
01-29 10:53:54.787 17988-18309 V/AGEphone Cloud Service: [TID]515413884080 [TNAME]"OpenSlPlayerThread" strm0xb40000798828a24c  Jitter buffer empty (prefetch=3), PLC invoked
01-29 10:53:54.793 17988-18247 W/AGEphone Cloud Service: [TID]515437051056 [TNAME]"" strm0xb40000798828a24c !jbuf_update() Significantly large PUT interval: 134 ms
01-29 10:53:54.828 17988-18309 V/AGEphone Cloud Service: [TID]515413884080 [TNAME]"OpenSlPlayerThread" strm0xb40000798828a24c !Jitter buffer starts returning normal frames (after 1 empty/lost)
01-29 10:53:57.468 17988-18309 V/AGEphone Cloud Service: [TID]515413884080 [TNAME]"OpenSlPlayerThread" strm0xb40000798828a24c  jbuf_get_frame() Lost 1 frame (MISSING_FRAME)
01-29 10:53:57.470 17988-18309 V/AGEphone Cloud Service: [TID]515413884080 [TNAME]"OpenSlPlayerThread" strm0xb40000798828a24c  Frame lost, recovered (PLC invoked)!
01-29 10:53:57.509 17988-18309 V/AGEphone Cloud Service: [TID]515413884080 [TNAME]"OpenSlPlayerThread" strm0xb40000798828a24c  Jitter buffer starts returning normal frames (after 1 empty/lost)
01-29 10:53:58.055 17988-18248 V/AGEphone Cloud Service: [TID]515417005232 [TNAME]"" srtp0xb400007918346be4 !srtp_rtp_cb() [SRTP_PROBATION_COUNT] SRTP probation count was set to 0.
01-29 10:53:58.428 17988-18309 V/AGEphone Cloud Service: [TID]515413884080 [TNAME]"OpenSlPlayerThread" strm0xb40000798828a24c !jbuf_get_frame() Lost 1 frame (MISSING_FRAME)
01-29 10:53:58.429 17988-18309 V/AGEphone Cloud Service: [TID]515413884080 [TNAME]"OpenSlPlayerThread" strm0xb40000798828a24c  Frame lost, recovered (PLC invoked)!
01-29 10:53:58.468 17988-18309 V/AGEphone Cloud Service: [TID]515413884080 [TNAME]"OpenSlPlayerThread" strm0xb40000798828a24c  Jitter buffer starts returning normal frames (after 1 empty/lost)
01-29 10:53:58.534 17550-17550 I/AGEphone Cloud Activity: InCallActionButton [INTERACTION USER_ENTRY] Hangup button pressed
01-29 10:53:58.536 17550-17550 I/AGEphone Cloud Activity: InCallActionButton callHangup() callId = 0
01-29 10:53:58.538 17550-17550 D/AGEphone Cloud Activity: InCallActionButton [INTERACTION USER_EXIT] 
01-29 10:53:58.541 17988-17988 I/AGEphone Cloud Service: SipServiceBroadcastReceiver [INTERACTION ENTRY] Intent received: com.ageet.agephonecloud.COMMAND_SIP_MANAGER_CALL_HANGUP
01-29 10:53:58.542 17988-17988 D/AGEphone Cloud Service: SipService receiveIntent action: com.ageet.agephonecloud.COMMAND_SIP_MANAGER_CALL_HANGUP
01-29 10:53:58.543 17988-17988 V/AGEphone Cloud Service: SipService [COMMAND_MONITORING] starting to monitor confirmation of command (COMMAND_SIP_MANAGER_CALL_HANGUP)
01-29 10:53:58.543 17988-17988 D/AGEphone Cloud Service: SipService Service: hanging up call 0...
01-29 10:53:58.545 17988-17988 I/AGEphone Cloud Service: [TID]529661531384 [TNAME]"ApplicationThread" SipManager::CallHangup() call_id = 0, response_code = 0, filter = 1
01-29 10:53:58.545 17988-17988 D/AGEphone Cloud Service: SipServiceBroadcastReceiver [INTERACTION EXIT] 
01-29 10:53:58.551 17988-18044 I/AGEphone Cloud Service: [TID]512990694576 [TNAME]"CommandConsumerThread" CommandConsumerThread::CallHangup() Processing Command: command = CallHangup, arguments = {call_id = 0, response_code = 0, filter = 1}
01-29 10:53:58.552 17988-18044 V/AGEphone Cloud Service: [TID]512990694576 [TNAME]"CommandConsumerThread" CallManager::Hangup() response_code was not specified, will use default hangup response_code.
01-29 10:53:58.552 17988-18044 I/AGEphone Cloud Service: [TID]512990694576 [TNAME]"CommandConsumerThread" CallManager::Hangup() call_ids = [0], response_code = BUSY_HERE (486), filter = 1
01-29 10:53:58.552 17988-18044 I/AGEphone Cloud Service: [TID]512990694576 [TNAME]"CommandConsumerThread" CallManager::Hangup() call_id = 0, response_code = BUSY_HERE, filter = 1
01-29 10:53:58.553 17988-18044 I/AGEphone Cloud Service: [TID]512990694576 [TNAME]"CommandConsumerThread" [FILTER] CallManager::Hangup() Filtering call 0...
01-29 10:53:58.553 17988-18044 V/AGEphone Cloud Service: [TID]512990694576 [TNAME]"CommandConsumerThread" CallUserData::FilterCallCompletely() Filtering call 0 (is_recording = 0)...
01-29 10:53:58.553 17988-18044 I/AGEphone Cloud Service: [TID]512990694576 [TNAME]"CommandConsumerThread" ConferenceManager::StopStreamingAndRecordingForDisconnectedCall() Call 0 is the only call in conference 100
01-29 10:53:58.553 17988-18044 I/AGEphone Cloud Service: [TID]512990694576 [TNAME]"CommandConsumerThread" ConferenceManager::StopStreamingAndRecordingForDisconnectedCall() Stopping streaming and recording for conference 100...
01-29 10:53:58.553 17988-18044 I/AGEphone Cloud Service: [TID]512990694576 [TNAME]"CommandConsumerThread" ConferenceManager::RecordingPause() conference_id: 100
01-29 10:53:58.553 17988-18044 V/AGEphone Cloud Service: [TID]512990694576 [TNAME]"CommandConsumerThread" WavePlayerRecorder::Pause() MonoRecorder(address = 0xb4000078b83a3990, filename = ""): rewind = 0, immediate = 0
01-29 10:53:58.554 17988-18044 V/AGEphone Cloud Service: [TID]512990694576 [TNAME]"CommandConsumerThread" WavePlayerRecorder::Pause() We are on the worker thread. Will pause MonoRecorder(address = 0xb4000078b83a3990, filename = "") NOW...
01-29 10:53:58.554 17988-18044 V/AGEphone Cloud Service: [TID]512990694576 [TNAME]"CommandConsumerThread" WavePlayerRecorder::ExecutePause() Pausing MonoRecorder(address = 0xb4000078b83a3990, filename = "") (rewind = 0) ...
01-29 10:53:58.554 17988-18044 I/AGEphone Cloud Service: [TID]512990694576 [TNAME]"CommandConsumerThread" ConferenceManager::StreamingStop() conference_id: 100
01-29 10:53:58.554 17988-18044 V/AGEphone Cloud Service: [TID]512990694576 [TNAME]"CommandConsumerThread" AudioStreamManager::ReconnectAudioStreamsAndLocalAudioForConference() conference_id = 100
01-29 10:53:58.554 17988-18044 V/AGEphone Cloud Service: [TID]512990694576 [TNAME]"CommandConsumerThread" AudioStreamManager::DisconnectAudioStreamsAndLocalAudioForConference() conference_id = 100
01-29 10:53:58.554 17988-18044 V/AGEphone Cloud Service: [TID]512990694576 [TNAME]"CommandConsumerThread" AudioStreamManager::DisconnectConferenceFromLocalAudio() conference_id = 100, audio_direction = BOTH
01-29 10:53:58.554 17988-18044 V/AGEphone Cloud Service: [TID]512990694576 [TNAME]"CommandConsumerThread" AudioStreamManager::DisconnectLocalAudioForCallList() Disconnecting local audio streams for calls {0, }, audio_direction = BOTH
01-29 10:53:58.554 17988-18044 V/AGEphone Cloud Service: [TID]512990694576 [TNAME]"CommandConsumerThread" AudioStreamManager::DisconnectLocalAudioForCall() call_id = 0, audio_direction = BOTH
01-29 10:53:58.555 17988-18044 V/AGEphone Cloud Service: [TID]512990694576 [TNAME]"CommandConsumerThread" [CONF_CONNECT] AudioStreamManager::DisconnectLocalAudioForCall() Disconnecting conf_slot 10 of call 0 from local audio
01-29 10:53:58.556 17988-18044 V/AGEphone Cloud Service: [TID]512990694576 [TNAME]"CommandConsumerThread" [CONF_CONNECT] AudioStreamManager::ConfDisconnect() Disconnecting source port 10 from sink port 0.
01-29 10:53:58.556 17988-18044 D/AGEphone Cloud Service: [TID]512990694576 [TNAME]"CommandConsumerThread"            agsua_aud.c !Conf disconnect: 10 -x- 0
01-29 10:53:58.556 17988-18044 D/AGEphone Cloud Service: [TID]512990694576 [TNAME]"CommandConsumerThread"           conference.c  .Port 10 (sip:15@192.168.0.10:5060) stop transmitting to port 0 (AndroidAudioDevice)
01-29 10:53:58.557 17988-18044 V/AGEphone Cloud Service: [TID]512990694576 [TNAME]"CommandConsumerThread"            agsua_aud.c  .check_snd_dev_idle() total_call_count = 1, number_of_calls_which_dont_need_sound_device = 0, number_of_calls_which_need_sound_device = 1, conf_connect_count = 3, snd_idle_timer::id = 0,
01-29 10:53:58.557 17988-18044 V/AGEphone Cloud Service: [TID]512990694576 [TNAME]"CommandConsumerThread"            agsua_aud.c  .check_snd_dev_idle() Sound device is NOT idle. Will NOT close the sound device.
01-29 10:53:58.557 17988-18044 V/AGEphone Cloud Service: [TID]512990694576 [TNAME]"CommandConsumerThread" [CONF_CONNECT] AudioStreamManager::ConfDisconnect() source port 10 now has 0 listeners.
01-29 10:53:58.558 17988-18044 V/AGEphone Cloud Service: [TID]512990694576 [TNAME]"CommandConsumerThread" CallManager::FindCallIdByConfPortId() Call 0 has conf_slot with port_id 10
01-29 10:53:58.558 17988-18044 V/AGEphone Cloud Service: [TID]512990694576 [TNAME]"CommandConsumerThread" [CONF_CONNECT] AudioStreamManager::ConfDisconnect() Call 0 now has no more listeners. Notifying the associated jitter buffer...
01-29 10:53:58.558 17988-18044 I/AGEphone Cloud Service: [TID]512990694576 [TNAME]"CommandConsumerThread" CallManager::SetJitterBufferHasSinks() call_id = 0, has_sinks = 0
01-29 10:53:58.559 17988-18044 V/AGEphone Cloud Service: [TID]512990694576 [TNAME]"CommandConsumerThread"                     jb  jbuf_set_has_sinks() jb = 0xb40000791834cb6c, has_sinks = 0
01-29 10:53:58.559 17988-18044 V/AGEphone Cloud Service: [TID]512990694576 [TNAME]"CommandConsumerThread" [CONF_CONNECT] AudioStreamManager::DisconnectLocalAudioForCall() Disconnecting local audio from conf_slot 10 of call 0
01-29 10:53:58.560 17988-18044 V/AGEphone Cloud Service: [TID]512990694576 [TNAME]"CommandConsumerThread" [CONF_CONNECT] AudioStreamManager::ConfDisconnect() Disconnecting source port 0 from sink port 10.
01-29 10:53:58.560 17988-18044 D/AGEphone Cloud Service: [TID]512990694576 [TNAME]"CommandConsumerThread"            agsua_aud.c  Conf disconnect: 0 -x- 10
01-29 10:53:58.561 17988-18044 D/AGEphone Cloud Service: [TID]512990694576 [TNAME]"CommandConsumerThread"           conference.c  .Port 0 (AndroidAudioDevice) stop transmitting to port 10 (sip:15@192.168.0.10:5060)
01-29 10:53:58.561 17988-18044 V/AGEphone Cloud Service: [TID]512990694576 [TNAME]"CommandConsumerThread"            agsua_aud.c  .check_snd_dev_idle() total_call_count = 1, number_of_calls_which_dont_need_sound_device = 0, number_of_calls_which_need_sound_device = 1, conf_connect_count = 2, snd_idle_timer::id = 0,
01-29 10:53:58.562 17988-18044 V/AGEphone Cloud Service: [TID]512990694576 [TNAME]"CommandConsumerThread"            agsua_aud.c  .check_snd_dev_idle() Sound device is NOT idle. Will NOT close the sound device.
01-29 10:53:58.562 17988-18044 V/AGEphone Cloud Service: [TID]512990694576 [TNAME]"CommandConsumerThread" [CONF_CONNECT] AudioStreamManager::ConfDisconnect() source port 0 now has 1 listeners.
01-29 10:53:58.562 17988-18044 V/AGEphone Cloud Service: [TID]512990694576 [TNAME]"CommandConsumerThread" AudioStreamManager::DisconnectAudioStreamsForConference() conference_id = 100
01-29 10:53:58.562 17988-18044 V/AGEphone Cloud Service: [TID]512990694576 [TNAME]"CommandConsumerThread" AudioStreamManager::DisconnectAudioStreamsForCallList() Disconnecting audio streams for calls {0, }
01-29 10:53:58.563 17988-18044 V/AGEphone Cloud Service: [TID]512990694576 [TNAME]"CommandConsumerThread" AudioStreamManager::ConnectAudioStreamsAndLocalAudioForConference() conference_id = 100
01-29 10:53:58.563 17988-18044 V/AGEphone Cloud Service: [TID]512990694576 [TNAME]"CommandConsumerThread" ConferenceUserData::GetRequestedAudioDirection() requested_mute = 1, requested_silence = 1, requested_audio_direction = NONE
01-29 10:53:58.563 17988-18044 V/AGEphone Cloud Service: [TID]512990694576 [TNAME]"CommandConsumerThread" AudioStreamManager::ConnectConferenceToLocalAudio() conference_id = 100, audio_direction = NONE
01-29 10:53:58.563 17988-18044 V/AGEphone Cloud Service: [TID]512990694576 [TNAME]"CommandConsumerThread" AudioStreamManager::ConnectConferenceToLocalAudio() AudioDirection is NONE, nothing to do.
01-29 10:53:58.564 17988-18044 V/AGEphone Cloud Service: [TID]512990694576 [TNAME]"CommandConsumerThread" AudioStreamManager::ConnectAudioStreamsForConference() conference_id = 100
01-29 10:53:58.564 17988-18044 V/AGEphone Cloud Service: [TID]512990694576 [TNAME]"CommandConsumerThread" AudioStreamManager::ConnectAudioStreamsForCallList() Connecting audio streams for calls {0, }
01-29 10:53:58.564 17988-18044 V/AGEphone Cloud Service: [TID]512990694576 [TNAME]"CommandConsumerThread" CallStatus::Initialize() youngest_preferred_call = -1, youngest_ringing_call = -1, youngest_call_on_answering_machine = -1, next_call = -1, next_conference = -1
01-29 10:53:58.564 17988-18044 V/AGEphone Cloud Service: [TID]512990694576 [TNAME]"CommandConsumerThread" CallStatus::LoadFromSipEngine() enumerated 1 calls
01-29 10:53:58.565 17988-18044 V/AGEphone Cloud Service: [TID]512990694576 [TNAME]"CommandConsumerThread" CalledNumber::InitType() <sips:0st1nf.ddns.sdework.com:35061;transport=tls> seems to be SIP-URI, but it does not contain a user id.
01-29 10:53:58.565 17988-18044 V/AGEphone Cloud Service: [TID]512990694576 [TNAME]"CommandConsumerThread" CallManager::HasEarlyMedia() Call ID 0 does NOT have early media (detection method: CHECK_ACTUAL_MEDIA)
01-29 10:53:58.565 17988-18044 V/AGEphone Cloud Service: [TID]512990694576 [TNAME]"CommandConsumerThread" CallStatus::LoadFromSipEngine() Call 0 will be treated as disconnected
01-29 10:53:58.566 17988-18044 V/AGEphone Cloud Service: [TID]512990694576 [TNAME]"CommandConsumerThread" CallStatus::Initialize() youngest_preferred_call = -1, youngest_ringing_call = -1, youngest_call_on_answering_machine = -1, next_call = -1, next_conference = -1
01-29 10:53:58.566 17988-18044 V/AGEphone Cloud Service: [TID]512990694576 [TNAME]"CommandConsumerThread" CallUserData::FilterCallCompletely() Firing fake ON_CALL_DISCONNECTED event for call 0...
01-29 10:53:58.568 17988-18044 I/AGEphone Cloud Service: [TID]512990694576 [TNAME]"CommandConsumerThread" CallStatus::FireCallDisconnectEvent [CALL_STATUS] 
        CallStatus(id = HDRfYG1tUDFfiG473sRMtH6LMNjHlFaP, event = ON_CALL_DISCONNECTED, associated call(s) = 0)
        Contains 1 call(s) total / 0 busy call(s):
        CallInfo(call_id = 0, remote = 15, uuid = 599f46e4-f31b-4350-aaf9-f778569c296c, direction = INCOMING, status = FORCED_DISCONNECTED, hold = N/A)
        Details:
        CallStatus(
            description_ = CallStatus(id = HDRfYG1tUDFfiG473sRMtH6LMNjHlFaP, event = ON_CALL_DISCONNECTED, associated call(s) = 0)
            call_count_ = 1
            total_busy_call_count_ = 0
            busy_call_count_without_filtered_calls_ = 0
            associated_calls_ = [0]
            associated_conferences_ = [100]
            next_call_id_in_sequence_ = -1
            next_conference_id_in_sequence_ = -1
            active_conference_id_ = -1
            overall_call_state_ = IDLE
            overall_vibration_behavior_ = DISABLED
            CallInfo(
                call_id_ = 0
                uuid_ = 599f46e4-f31b-4350-aaf9-f778569c296c
                associated_script_thread_id_ = 
                custom_data_ = 
                conference_id_ = 100
                replaces_ = -1
                replaced_by_ = -1
                role_ = ROLE_UAS
                account_id_ = 10000
                account_name_ = 35@0st1nf.ddns.sdework.com
                dialed_number_ = 
                local_info_ = <sip:35@192.168.0.240>
                local_contact_ = "35" <sips:35@10.126.88.65:23001;transport=TLS>
                local_p_preferred_identity_ = 
                local_p_associated_uri_ = 
                local_p_called_party_id_ = 
                remote_info_ = <sip:15@192.168.0.10>
                remote_contact_ = <sips:0st1nf.ddns.sdework.com:35061;transport=tls>
                remote_p_asserted_identity_ = 
                sip_call_id_ = 0mwqGzBlalR7Ib0c0W028PD8h65dr81g--_6b8b45c3
                state_ = 6
                last_state_ = 5
                state_text_ = FORCED_DISCONNECTED
                last_status_ = 200
                last_status_text_ = OK
                forwarded_to_ = 
                answered_by_ = 
                media_status_ = CALL_MEDIA_NONE
                media_direction_ = DIR_NONE
                conference_slot_ = -1
                current_expected_loss_rate_ = 0
                connect_duration_ = 4703
                total_duration_ = 13274
                recording_duration_ = 0
                privacy_type_ = DISABLED
                record_file_name_ = 
                is_talking_ = 0
                is_ringing_ = 0
                is_outgoing_ = 0
                is_incoming_ = 1
                is_busy_ = 0
                is_dialing_ = 0
                [HOLD] is_hold_ = 0
                [HOLD] is_remote_hold_ = 0
                [HOLD] is_local_hold_ = 0
                [HOLD] local_sip_hold_status_ = UNHELD
                [HOLD] media_hold_status_ = UNHELD
                is_mute_ = 0
                is_silent_ = 0
                ui_mute_ = 0
                ui_silent_ = 0
                is_recording_ = 0
                was_recorded_ = 0
                is_streaming_ = 0
                is_connected_to_answering_machine_ = 0
                was_connected_to_answering_machine_ = 0
                was_auto_declined_ = 0
                was_handover_ = 0
                was_connected_to_remote_ = 1
                was_connected_to_operator_ = 1
                is_missed_call_ = 0
                has_media_ = 0
                has_early_media_ = 0
                call_started_timestamp_ = 2024/01/29 10:53:45.311 (1706493225311927)
                call_connected_timestamp_ = 2024/01/29 10:53:53.872 (1706493233872572)
                [FILTER] filter_type_ = UNFILTERED
                operation_type_ = MANUAL
                replace_type_ = NONE
                disconnect_type_ = DISCONNECTED_BY_LOCAL
                current_call_quality_ = GOOD
                current_call_quality_reason_ = NO_ANOMALIES_DETECTED
                worst_call_quality_ = GOOD
                worst_call_quality_reason_ = NO_ANOMALIES_DETECTED
                call_forwarding_type_ = NONE
                direction_ = INCOMING
                ringing_behavior_ = RingingBehavior(
                    ringtone_ = content://settings/system/ringtone
                    , ringing_behavior_ = SYSTEM_DEFAULT
                    , vibration_behavior_ = SYSTEM_DEFAULT
                    , popup_behavior_ = SYSTEM_DEFAULT
                    )
                incoming_sip_headers_ = []
                outgoing_sip_headers_ = []
                response_sip_headers_ = []
                zrtp_info = ZrtpInfo(
                    zrtp_plugin_is_active_ = 0
                    short_authentication_string_is_confirmed_ = 0
                    security_level_ = NOT_SECURE
                    secure_since_ = 0
                    peer_client_id_ = 
                    hash_name_ = 
                    cipher_name_ = 
                    auth_name_ = 
                    short_authentication_string_name_ = 
                    public_key_exchange_name_ = 
                    short_authentication_string_ = 
                    )
                )
        )
01-29 10:53:58.569 17988-18044 I/AGEphone Cloud Service: [TID]512990694576 [TNAME]"CommandConsumerThread" CallStatus::FireCallDisconnectEvent ConferenceStatus(
        count = 1
        Conference(
            conference_id = 100
            overall_call_state = IDLE
            calls = [
                CallInfo(call_id = 0, remote = 15, uuid = 599f46e4-f31b-4350-aaf9-f778569c296c, direction = INCOMING, status = FORCED_DISCONNECTED, hold = N/A)
            ]
            can_send_dtmf = 0
            is_hold = 0
            is_local_hold = 0
            is_remote_hold = 0
            is_trying_to_unhold = 0
            is_recording = 0
            is_mute = 0
            is_silent = 0
            is_connected_to_answering_machine = 0
            host_call_id = 0
            ),
        )
01-29 10:53:58.570 17988-18043 V/AGEphone Cloud Service: [TID]513086319792 [TNAME]"EventConsumerThread" CallStatus::Initialize() youngest_preferred_call = -1, youngest_ringing_call = -1, youngest_call_on_answering_machine = -1, next_call = -1, next_conference = -1
01-29 10:53:58.570 17988-18044 I/AGEphone Cloud Service: [TID]512990694576 [TNAME]"CommandConsumerThread" CallUserData::FilterCallCompletely() Call 0 is the only call in conference 100
01-29 10:53:58.570 17988-18043 V/AGEphone Cloud Service: [TID]513086319792 [TNAME]"EventConsumerThread" [CALL_STATUS] EventConsumerThread::OnCallDisconnected() Listener 0x777243d428 will process CallStatus(id = HDRfYG1tUDFfiG473sRMtH6LMNjHlFaP, event = ON_CALL_DISCONNECTED, associated call(s) = 0)...
01-29 10:53:58.570 17988-18044 V/AGEphone Cloud Service: [TID]512990694576 [TNAME]"CommandConsumerThread" CalledNumber::InitType() <sips:0st1nf.ddns.sdework.com:35061;transport=tls> seems to be SIP-URI, but it does not contain a user id.
01-29 10:53:58.570 17988-18043 I/AGEphone Cloud Service: [TID]513086319792 [TNAME]"EventConsumerThread" SipInterface::OnCallDisconnected() call id = 0
01-29 10:53:58.571 17988-18043 I/AGEphone Cloud Service: NativeInterface [INTERACTION ENTRY] Call disconnected: callId: 0
01-29 10:53:58.572 17988-18044 V/AGEphone Cloud Service: [TID]512990694576 [TNAME]"CommandConsumerThread" CallManager::HasEarlyMedia() Call ID 0 does NOT have early media (detection method: CHECK_ACTUAL_MEDIA)
01-29 10:53:58.573 17988-18044 V/AGEphone Cloud Service: [TID]512990694576 [TNAME]"CommandConsumerThread" CallSourceAccumulator::GetCallSoundInfo() CallSource "SipCallSource" found call 0.
01-29 10:53:58.573 17988-18043 D/AGEphone Cloud Service: DefaultCallInfoResolver selectRemoteUriToUse() Use RemoteInfo URI
01-29 10:53:58.574 17988-18043 D/AGEphone Cloud Service: DefaultCallInfoResolver selectRemoteUriToUse() Use RemoteInfo URI
01-29 10:53:58.574 17988-18044 D/AGEphone Cloud Service: [TID]512990694576 [TNAME]"CommandConsumerThread" SoundManager::ExecutePlayHangupSoundsForCallId() Will play hangup sounds for call 0
01-29 10:53:58.574 17988-18043 D/AGEphone Cloud Service: CallData init() call_started_timestamp = 1706493225311, date = Mon Jan 29 10:53:45 GMT+09:00 2024
01-29 10:53:58.574 17988-18044 D/AGEphone Cloud Service: [TID]512990694576 [TNAME]"CommandConsumerThread" SoundManager::PlayHangupSoundsForCallSoundInfo() Call 0 is DISCONNECTED. Playing kSoundTypeEvent hangup sound
01-29 10:53:58.574 17988-18043 I/AGEphone Cloud Service: NativeInterface onCallDisconnected(): call_id: 0 busyCallCountWithoutFilteredCalls: 0
01-29 10:53:58.575 17988-18044 D/AGEphone Cloud Service: [TID]512990694576 [TNAME]"CommandConsumerThread" SoundManager::PlayHangupSoundsForCallSoundInfo() Will NEVER play kSoundTypeEvent BusyTone
01-29 10:53:58.575 17988-18044 D/AGEphone Cloud Service: [TID]512990694576 [TNAME]"CommandConsumerThread"           agsua_call.c  Call 0 hanging up: code=486..
01-29 10:53:58.575 17988-18044 D/AGEphone Cloud Service: [TID]512990694576 [TNAME]"CommandConsumerThread"          agsua_media.c  .Call 0: deinitializing media..
01-29 10:53:58.576 17988-18044 I/AGEphone Cloud Service: [TID]512990694576 [TNAME]"CommandConsumerThread"          agsua_media.c  ..
    
01-29 10:53:58.577 17988-18044 I/AGEphone Cloud Service: [TID]512990694576 [TNAME]"CommandConsumerThread"   [CONFIRMED] To: <sip:15@192.168.0.10>;tag=d553d1ad
        Call time: 00h:00m:04s, 1st res in 125 ms, conn in 8571ms
        #0 audio opus @8kHz, sendrecv, peer=123.226.26.42:30058
           SRTP status: Active Crypto-suite: AES_256_CM_HMAC_SHA1_80
           RX pt=98, last update:00h:00m:00.550s ago
              total 113pkt 8.9KB (13.4KB +IP hdr) @avg=14.9Kbps/22.4Kbps
              pkt loss=0 (0.0%), discrd=0 (0.0%), dup=0 (0.0%), reord=0 (0.0%)
                    (msec)    min     avg     max     last    dev
              loss period:   0.000   0.000   0.000   0.000   0.000
              jitter     :  12.750 166.352 199.500 199.500   3.065
           TX pt=98, ptime=40, last update:never
              total 114pkt 6.6KB (11.2KB +IP hdr) @avg=11.1Kbps/18.7Kbps
              pkt loss=0 (0.0%), dup=0 (0.0%), reorder=0 (0.0%)
                    (msec)    min     avg     max     last    dev 
              loss period:   0.000   0.000   0.000   0.000   0.000
              jitter     :   0.000   0.000   0.000   0.000   0.000
           RTT msec      :   0.000   0.000   0.000   0.000   0.000
    
01-29 10:53:58.577 17988-18044 V/AGEphone Cloud Service: [TID]512990694576 [TNAME]"CommandConsumerThread"            agsua_aud.c  ...check_snd_dev_idle() total_call_count = 1, number_of_calls_which_dont_need_sound_device = 0, number_of_calls_which_need_sound_device = 1, conf_connect_count = 2, snd_idle_timer::id = 0,
01-29 10:53:58.578 17988-18044 V/AGEphone Cloud Service: [TID]512990694576 [TNAME]"CommandConsumerThread"            agsua_aud.c  ...check_snd_dev_idle() Sound device is NOT idle. Will NOT close the sound device.
01-29 10:53:58.578 17988-18043 D/AGEphone Cloud Service: DefaultCallInfoResolver selectRemoteUriToUse() Use RemoteInfo URI
01-29 10:53:58.578 17988-18043 D/AGEphone Cloud Service: DefaultCallInfoResolver selectRemoteUriToUse() Use RemoteInfo URI
01-29 10:53:58.579 17988-18043 D/AGEphone Cloud Service: CallData init() call_started_timestamp = 1706493225311, date = Mon Jan 29 10:53:45 GMT+09:00 2024
01-29 10:53:58.579 17988-18043 D/AGEphone Cloud Service: NativeInterface [MESSAGING] onCallDisconnected()
       eventType = EVENT_ON_CALL_DISCONNECTED
       eventGroup = CALL_SPECIFIC
       eventCategory = SIP_NOTIFICATION
       Bundle = Bundle[{callId=0, IDENTIFIER_CALL_STATUS=com.ageet.AGEphone.Activity.SipStatus.CallStatus@9f22cb8, eventType=EVENT_ON_CALL_DISCONNECTED}]
01-29 10:53:58.579 17988-18043 D/AGEphone Cloud Service: ServiceLibraryEventHandler Received native event
01-29 10:53:58.579 17988-18044 I/AGEphone Cloud Service: [TID]512990694576 [TNAME]"CommandConsumerThread" CallManager::OnCallMediaStreamDestroyed() Stream 0 of call 0 will be destroyed.
01-29 10:53:58.580 17988-18044 I/AGEphone Cloud Service: [TID]512990694576 [TNAME]"CommandConsumerThread" CallManager::OnCallMediaStreamDestroyed() Dumping call data for call 0:
      [CONFIRMED] To: <sip:15@192.168.0.10>;tag=d553d1ad
        Call time: 00h:00m:04s, 1st res in 125 ms, conn in 8571ms
        #0 audio opus @8kHz, sendrecv, peer=123.226.26.42:30058
           SRTP status: Active Crypto-suite: AES_256_CM_HMAC_SHA1_80
           RX pt=98, last update:00h:00m:00.002s ago
              total 113pkt 8.9KB (13.4KB +IP hdr) @avg=14.9Kbps/22.4Kbps
              pkt loss=0 (0.0%), discrd=0 (0.0%), dup=0 (0.0%), reord=0 (0.0%)
                    (msec)    min     avg     max     last    dev
              loss period:   0.000   0.000   0.000   0.000   0.000
              jitter     :  12.750 166.352 199.500 199.500   3.065
           TX pt=98, ptime=40, last update:never
              total 114pkt 6.6KB (11.2KB +IP hdr) @avg=11.0Kbps/18.6Kbps
              pkt loss=0 (0.0%), dup=0 (0.0%), reorder=0 (0.0%)
                    (msec)    min     avg     max     last    dev 
              loss period:   0.000   0.000   0.000   0.000   0.000
              jitter     :   0.000   0.000   0.000   0.000   0.000
           RTT msec      :   0.000   0.000   0.000   0.000   0.000
    
01-29 10:53:58.580 17988-18044 V/AGEphone Cloud Service: [TID]512990694576 [TNAME]"CommandConsumerThread" CallMediaDump::InitWithCallId() call_id = 0
01-29 10:53:58.580 17988-18044 V/AGEphone Cloud Service: [TID]512990694576 [TNAME]"CommandConsumerThread"                   Dump  ...dump_first_media_session_to_struct() Dumping first media for call 0...
01-29 10:53:58.582 17988-18044 I/AGEphone Cloud Service: [TID]512990694576 [TNAME]"CommandConsumerThread" EventHelper::FireCallMediaStreamDestroyedEvent() Firing ON_CALL_MEDIA_STREAM_DESTROYED event. call_id = 0
01-29 10:53:58.582 17988-18044 V/AGEphone Cloud Service: [TID]512990694576 [TNAME]"CommandConsumerThread" [CALL_QUALITY] CallUserData::OnCallMediaStreamDestroyed() Removing StreamUserData for stream_index 0 of call 0...
01-29 10:53:58.583 17988-18043 D/AGEphone Cloud Service: NativeInterface [INTERACTION EXIT] 
01-29 10:53:58.583 17988-17988 D/AGEphone Cloud Service: SipService [MESSAGING] handleEventByInstance()
       eventType = EVENT_ON_CALL_DISCONNECTED
       eventGroup = CALL_SPECIFIC
       eventCategory = SIP_NOTIFICATION
       Bundle = Bundle[{callId=0, IDENTIFIER_CALL_STATUS=com.ageet.AGEphone.Activity.SipStatus.CallStatus@9f22cb8, eventType=EVENT_ON_CALL_DISCONNECTED}]
01-29 10:53:58.583 17988-17988 D/AGEphone Cloud Service: CallStatus CallStatus#update() overallCallState = OVERALL_CALL_STATE_IDLE, totalBusyCallCount = 0, busyCallCountWithoutFilteredCalls = 0, nextCallIdInSequence = -1
01-29 10:53:58.583 17988-18043 V/AGEphone Cloud Service: [TID]513086319792 [TNAME]"EventConsumerThread" [CALL_STATUS] EventConsumerThread::OnCallDisconnected() Listener 0x777243d428 did process CallStatus(id = HDRfYG1tUDFfiG473sRMtH6LMNjHlFaP, event = ON_CALL_DISCONNECTED, associated call(s) = 0).
01-29 10:53:58.583 17988-17988 V/AGEphone Cloud Service: SipServiceState [SIP_SERVICE_STATE] setOverallCallState() last: OVERALL_CALL_STATE_TALKING, current: OVERALL_CALL_STATE_IDLE
01-29 10:53:58.583 17988-17988 V/AGEphone Cloud Service: SipServiceState [SIP_SERVICE_STATE] getUpdateType() updateType: OVERALL_CALL_STATE
01-29 10:53:58.583 17988-17988 V/AGEphone Cloud Service: ApplicationBase [LIFECYCLE] retrieveIntentToStartActivity()
01-29 10:53:58.583 17988-18043 V/AGEphone Cloud Service: [TID]513086319792 [TNAME]"EventConsumerThread" [CALL_STATUS] EventConsumerThread::OnEventCallMediaStreamDestroyed() Listener 0x777243d428 will process OnCallMediaStreamDestroyed...
01-29 10:53:58.584 17988-18043 I/AGEphone Cloud Service: [TID]513086319792 [TNAME]"EventConsumerThread" SipInterface::OnCallMediaStreamDestroyed() call id = 0
01-29 10:53:58.584 17988-18043 E/AGEphone Cloud Service: [TID]513086319792 [TNAME]"EventConsumerThread" SipInterface::OnCallMediaStreamDestroyed() Not able to retrieve java method (Status Code: 70008, Status Message: BUG DETECTED! (AG_EBUG))
01-29 10:53:58.584 17988-18043 V/AGEphone Cloud Service: [TID]513086319792 [TNAME]"EventConsumerThread" [CALL_STATUS] EventConsumerThread::OnEventCallMediaStreamDestroyed() Listener 0x777243d428 did process OnCallMediaStreamDestroyed.
01-29 10:53:58.584 17988-17988 D/AGEphone Cloud Service: ServiceStateNotification updateNotification() Hide previous notification before show new notification.
01-29 10:53:58.587 17988-17988 D/AGEphone Cloud Service: SipService [AUDIO_MONITORING] OnCallDisconnected()
01-29 10:53:58.588 17988-17988 I/AGEphone Cloud Service: VibrationTimer [VIBRATE] stop()
01-29 10:53:58.589 17988-17988 D/AGEphone Cloud Service: CallHistoryAccessor CallHistoryMode : OWN
01-29 10:53:58.589 17988-17988 I/AGEphone Cloud Service: CallHistoryAccessor [CallHistory] Adding call 0 (remote: 15) to OWN history...
01-29 10:53:58.590 17988-17988 I/AGEphone Cloud Service: CallHistoryAccessor CallHistory add to Own
01-29 10:53:58.591 17988-18044 D/AGEphone Cloud Service: [TID]512990694576 [TNAME]"CommandConsumerThread"  udp0xb4000078f82e1ba4  ...UDP media transport detached
01-29 10:53:58.591 17988-18044 V/AGEphone Cloud Service: [TID]512990694576 [TNAME]"CommandConsumerThread" strm0xb40000798828a24c  ...JB summary:
      size=2/eff=2 prefetch=3 level=1
      delay (min/max/avg/dev)=80/160/142/23 ms
      PUT burst (min/max/avg/dev)=1/4/1/0 frames
      GET burst (min/max/avg/dev)=0/4/1/0 frames
      PUT interval (min/max/avg/dev)=0/134/39/12 ms
      GET interval (min/max/avg/dev)=38/41/39/0 ms
      lost=2 (missing=0, shrinking=2)
      discard=0 (full=0, late=0, distance=0, duplicate=0)
      empty=5 (buffer_empty=1, prefetching=4) [of 114 total]
01-29 10:53:58.592 17988-18044 D/AGEphone Cloud Service: [TID]512990694576 [TNAME]"CommandConsumerThread" strm0xb40000798828a24c  ...[RTP] FINAL TX statistics: TX success = 114 packets, TX error = 0 packets
01-29 10:53:58.592 17988-18044 V/AGEphone Cloud Service: [TID]512990694576 [TNAME]"CommandConsumerThread"            agsua_aud.c  ...check_snd_dev_idle() total_call_count = 1, number_of_calls_which_dont_need_sound_device = 0, number_of_calls_which_need_sound_device = 1, conf_connect_count = 2, snd_idle_timer::id = 0,
01-29 10:53:58.592 17988-18044 V/AGEphone Cloud Service: [TID]512990694576 [TNAME]"CommandConsumerThread"            agsua_aud.c  ...check_snd_dev_idle() Sound device is NOT idle. Will NOT close the sound device.
01-29 10:53:58.593 17988-18044 D/AGEphone Cloud Service: [TID]512990694576 [TNAME]"CommandConsumerThread"          agsua_media.c  ...Media stream call00:0 is destroyed
01-29 10:53:58.593 17988-18044 I/AGEphone Cloud Service: [TID]512990694576 [TNAME]"CommandConsumerThread" [ZRTP] CallManager::OnCallMediaTransportState() Media state for call 0 changed to MED_TP_IDLE.
01-29 10:53:58.593 17988-18044 V/AGEphone Cloud Service: [TID]512990694576 [TNAME]"CommandConsumerThread"  udp0xb4000078f82e1ba4  ..UDP media transport already stopped
01-29 10:53:58.593 17988-18044 V/AGEphone Cloud Service: [TID]512990694576 [TNAME]"CommandConsumerThread" srtp0xb400007918346be4  ..transport_srtp_stop() Stopping SRTP...
01-29 10:53:58.593 17988-18044 W/AGEphone Cloud Service: [TID]512990694576 [TNAME]"CommandConsumerThread"                libsrtp  ..srtp: srtp_dealloc() Deallocating session 0xb40000783858a310...
01-29 10:53:58.593 17988-18044 W/AGEphone Cloud Service: [TID]512990694576 [TNAME]"CommandConsumerThread"                libsrtp  ..srtp: srtp_stream_dealloc() Deallocating stream 0xb4000078882691c0 with SSRC 0x5db374e2 [ntohl: 0xe274b35d] ...
01-29 10:53:58.594 17988-18044 W/AGEphone Cloud Service: [TID]512990694576 [TNAME]"CommandConsumerThread"                libsrtp  ..srtp: srtp_stream_dealloc() Deallocating stream 0xb400007888269a30 with SSRC 0x00000000 [ntohl: 0x00000000] ...
01-29 10:53:58.594 17988-18044 W/AGEphone Cloud Service: [TID]512990694576 [TNAME]"CommandConsumerThread"                libsrtp  ..srtp: srtp_dealloc() Deallocating session 0xb40000783858a2e0...
01-29 10:53:58.594 17988-18044 W/AGEphone Cloud Service: [TID]512990694576 [TNAME]"CommandConsumerThread"                libsrtp  ..srtp: srtp_stream_dealloc() Deallocating stream 0xb400007888269c70 with SSRC 0x33563a19 [ntohl: 0x193a5633] ...
01-29 10:53:58.594 17988-18044 W/AGEphone Cloud Service: [TID]512990694576 [TNAME]"CommandConsumerThread"                libsrtp  ..srtp: srtp_stream_dealloc() Deallocating stream 0xb400007888268320 with SSRC 0x00000000 [ntohl: 0x00000000] ...
01-29 10:53:58.594 17988-18044 I/AGEphone Cloud Service: [TID]512990694576 [TNAME]"CommandConsumerThread" [ZRTP] CallManager::OnCallMediaTransportState() Media state for call 0 changed to MED_TP_NULL.
01-29 10:53:58.595 17988-18044 D/AGEphone Cloud Service: [TID]512990694576 [TNAME]"CommandConsumerThread"  udp0xb4000078f82e1ba4  ..UDP media transport destroyed
01-29 10:53:58.595 17988-18044 V/AGEphone Cloud Service: [TID]512990694576 [TNAME]"CommandConsumerThread" srtp0xb400007918346be4  ..transport_srtp_stop() Stopping SRTP...
01-29 10:53:58.596 17988-18044 V/AGEphone Cloud Service: [TID]512990694576 [TNAME]"CommandConsumerThread"            agsua_aud.c  .check_snd_dev_idle() Call 0 is NOT active, it does NOT need the sound device.
01-29 10:53:58.596 17988-18044 V/AGEphone Cloud Service: [TID]512990694576 [TNAME]"CommandConsumerThread"            agsua_aud.c  .check_snd_dev_idle() total_call_count = 1, number_of_calls_which_dont_need_sound_device = 1, number_of_calls_which_need_sound_device = 0, conf_connect_count = 2, snd_idle_timer::id = 0,
01-29 10:53:58.596 17988-18044 V/AGEphone Cloud Service: [TID]512990694576 [TNAME]"CommandConsumerThread"            agsua_aud.c  .check_snd_dev_idle() Sound device is NOT idle. Will NOT close the sound device.
01-29 10:53:58.597 17988-18044 V/AGEphone Cloud Service: [TID]512990694576 [TNAME]"CommandConsumerThread" CallManager::OnCallState() call_id = 0
01-29 10:53:58.597 17988-18044 V/AGEphone Cloud Service: [TID]512990694576 [TNAME]"CommandConsumerThread" [CALL_USER_DATA] CallManager::DisposeUnusedCallUserDatas() Checking for unused CallUserDatas...
01-29 10:53:58.594 17550-17564 I/AGEphone Cloud Activity: CallHistoryProvider [INTERACTION OS_ENTRY] Insert command received
01-29 10:53:58.594 17550-17564 I/AGEphone Cloud Activity: CallHistoryProvider address : <sip:15@192.168.0.10>, direction : 0, date : 1706493233872, duration : 4703
01-29 10:53:58.597 17988-18044 I/AGEphone Cloud Service: [TID]512990694576 [TNAME]"CommandConsumerThread" [CALL_STATUS] CallManager::OnCallState() Call state for call 0 changed to DISCONNCTD
01-29 10:53:58.597 17988-17988 D/AGEphone Cloud Service: DefaultCallInfoResolver selectRemoteUriToUse() Use RemoteInfo URI
01-29 10:53:58.598 17988-17988 D/AGEphone Cloud Service: DefaultCallInfoResolver selectRemoteUriToUse() Use RemoteInfo URI
01-29 10:53:58.597 17550-17564 D/AGEphone Cloud Activity: CallHistoryProvider [INTERACTION OS_EXIT] 
01-29 10:53:58.598 17988-18044 V/AGEphone Cloud Service: [TID]512990694576 [TNAME]"CommandConsumerThread" CalledNumber::InitType() <sips:0st1nf.ddns.sdework.com:35061;transport=tls> seems to be SIP-URI, but it does not contain a user id.
01-29 10:53:58.598 17988-17988 D/AGEphone Cloud Service: FileUtils doesRecordingFileExist() File "" does not exist.
01-29 10:53:58.598 17988-18044 V/AGEphone Cloud Service: [TID]512990694576 [TNAME]"CommandConsumerThread" CallManager::HasEarlyMedia() Call ID 0 does NOT have early media (detection method: CHECK_ACTUAL_MEDIA)
01-29 10:53:58.599 17988-18044 V/AGEphone Cloud Service: [TID]512990694576 [TNAME]"CommandConsumerThread" CallSourceAccumulator::GetCallSoundInfo() CallSource "SipCallSource" found call 0.
01-29 10:53:58.599 17988-18044 D/AGEphone Cloud Service: [TID]512990694576 [TNAME]"CommandConsumerThread" SoundManager::ExecutePlayAllSoundsForCallId() Will play sounds for call 0
01-29 10:53:58.600 17988-18044 D/AGEphone Cloud Service: [TID]512990694576 [TNAME]"CommandConsumerThread" SoundManager::PlayStateSoundForCallSoundInfo() Call(id = 0, SIP, INCOMING, IDLE, NONE, UNHELD, DISCONNECTED_BY_LOCAL, WITHOUT early media, WITHOUT media, DON'T PLAY)
01-29 10:53:58.600 17988-17988 D/AGEphone Cloud Service: CallHistoryAccessor retrieveCallHistoryEntryFromOwnHistoryCursor() Call to  does not have a recording.
01-29 10:53:58.600 17988-18044 D/AGEphone Cloud Service: [TID]512990694576 [TNAME]"CommandConsumerThread" SoundManager::ShouldPlaySoundEffects() Call 0 says to not play sound effects. 
01-29 10:53:58.600 17988-18044 D/AGEphone Cloud Service: [TID]512990694576 [TNAME]"CommandConsumerThread" [CONF_CONNECT] SoundManager::PlayStateSoundForCallSoundInfo() Call 0 indicated to not play sound effects. Not Playing sound effects and no speaker routing.
01-29 10:53:58.600 17988-17988 D/AGEphone Cloud Service: DefaultCallInfoResolver selectRemoteUriToUse() Use RemoteInfo URI
01-29 10:53:58.600 17988-18044 D/AGEphone Cloud Service: [TID]512990694576 [TNAME]"CommandConsumerThread" SoundManager::PlayStateSoundForCallSoundInfo() Call 0 is DISCONNECTED. Stopping sound and ringtone.
01-29 10:53:58.601 17988-18044 I/AGEphone Cloud Service: NativeSoundListener [INTERACTION ENTRY] hasCapability(RINGTONE, )
01-29 10:53:58.601 17988-18044 D/AGEphone Cloud Service: NativeSoundListener [INTERACTION EXIT] 
01-29 10:53:58.601 17988-18044 V/AGEphone Cloud Service: [TID]512990694576 [TNAME]"CommandConsumerThread" SoundManager::StopRingTone() Stopping RingTone via sound listener...
01-29 10:53:58.601 17988-18044 I/AGEphone Cloud Service: NativeSoundListener [INTERACTION ENTRY] onStopRingTone()
01-29 10:53:58.601 17988-18044 I/AGEphone Cloud Service: RingTonePlayer stop()
01-29 10:53:58.601 17988-17988 I/AGEphone Cloud Service: CallHistoryAccessor [CallHistory] Created history entry (Custom entry (557, 15, 2024.01.29 10:53))
01-29 10:53:58.601 17988-18044 D/AGEphone Cloud Service: NativeSoundListener [INTERACTION EXIT] 
01-29 10:53:58.602 17988-18044 V/AGEphone Cloud Service: [TID]512990694576 [TNAME]"CommandConsumerThread" SoundManager::StopAllSoundsOnActiveCallChannel() Stopping all sound on the active call channel...
01-29 10:53:58.602 17988-18044 V/AGEphone Cloud Service: [TID]512990694576 [TNAME]"CommandConsumerThread" SoundChannel::StopAllSoundEffects() Stopping all sound effects for channel "Active Call Channel" (rewind = 0)
01-29 10:53:58.602 17988-17988 D/AGEphone Cloud Service: NotificationManager [MESSAGING] handleEvent()
       eventType = EVENT_ON_CALL_DISCONNECTED
       eventGroup = CALL_SPECIFIC
       eventCategory = SIP_NOTIFICATION
       Bundle = Bundle[{callId=0, IDENTIFIER_CALL_STATUS=com.ageet.AGEphone.Activity.SipStatus.CallStatus@9f22cb8, eventType=EVENT_ON_CALL_DISCONNECTED}]
01-29 10:53:58.602 17988-18044 V/AGEphone Cloud Service: [TID]512990694576 [TNAME]"CommandConsumerThread" CallStatus::Initialize() youngest_preferred_call = -1, youngest_ringing_call = -1, youngest_call_on_answering_machine = -1, next_call = -1, next_conference = -1
01-29 10:53:58.602 17988-17988 D/AGEphone Cloud Service: NotificationManager endCallEnvironment() Stopping call environment
01-29 10:53:58.602 17988-18044 V/AGEphone Cloud Service: [TID]512990694576 [TNAME]"CommandConsumerThread" CallStatus::LoadFromSipEngine() enumerated 1 calls
01-29 10:53:58.602 17988-17988 V/AGEphone Cloud Service: NotificationManager [WAKELOCK] endCallEnvironment() Releasing Wakelock(DIM) for Call Environment...
01-29 10:53:58.603 17988-18044 V/AGEphone Cloud Service: [TID]512990694576 [TNAME]"CommandConsumerThread" CalledNumber::InitType() <sips:0st1nf.ddns.sdework.com:35061;transport=tls> seems to be SIP-URI, but it does not contain a user id.
01-29 10:53:58.603 17988-18044 V/AGEphone Cloud Service: [TID]512990694576 [TNAME]"CommandConsumerThread" CallManager::HasEarlyMedia() Call ID 0 does NOT have early media (detection method: CHECK_ACTUAL_MEDIA)
01-29 10:53:58.603 17988-18044 I/AGEphone Cloud Service: [TID]512990694576 [TNAME]"CommandConsumerThread" [FILTER] CallStatus::LoadFromSipEngine() Did not add CallInfo for call 0 to CallStatus because it is FILTERED
01-29 10:53:58.604 17988-18044 V/AGEphone Cloud Service: [TID]512990694576 [TNAME]"CommandConsumerThread" CallStatus::Initialize() youngest_preferred_call = -1, youngest_ringing_call = -1, youngest_call_on_answering_machine = -1, next_call = -1, next_conference = -1
01-29 10:53:58.604 17988-18044 V/AGEphone Cloud Service: [TID]512990694576 [TNAME]"CommandConsumerThread" SoundManager::SpeakerRoutingLogic() Call count is 0, using idle_speaker_route (INTERNAL)...
01-29 10:53:58.604 17988-17988 V/AGEphone Cloud Service: NotificationManager [WAKELOCK] endCallEnvironment() Releasing Wakelock(PARTIAL) for Call Environment...
01-29 10:53:58.604 17988-18044 I/AGEphone Cloud Service: NativeSoundListener [INTERACTION ENTRY] hasCapability(SPEAKER_ROUTE, )
01-29 10:53:58.604 17988-18044 D/AGEphone Cloud Service: NativeSoundListener [INTERACTION EXIT] 
01-29 10:53:58.604 17988-18044 W/AGEphone Cloud Service: [TID]512990694576 [TNAME]"CommandConsumerThread" SoundManager::SpeakerRoutingLogic() SoundListener does not have the capability to route speakers.
01-29 10:53:58.605 17988-18044 V/AGEphone Cloud Service: [TID]512990694576 [TNAME]"CommandConsumerThread" SoundManager::SpeakerRoutingLogic() Speaker route did not change.
01-29 10:53:58.605 17988-18044 D/AGEphone Cloud Service: [TID]512990694576 [TNAME]"CommandConsumerThread" SoundManager::PlayEventSoundForCallSoundInfo() Call(id = 0, SIP, INCOMING, IDLE, NONE, UNHELD, DISCONNECTED_BY_LOCAL, WITHOUT early media, WITHOUT media, DON'T PLAY)
01-29 10:53:58.605 17988-18044 D/AGEphone Cloud Service: [TID]512990694576 [TNAME]"CommandConsumerThread" SoundManager::ShouldPlaySoundEffects() Call 0 says to not play sound effects. 
01-29 10:53:58.605 17988-18044 D/AGEphone Cloud Service: [TID]512990694576 [TNAME]"CommandConsumerThread" SoundManager::PlayEventSoundForCallSoundInfo() Should not play sound effects for call 0. Skipped Playing sound effects and speaker routing.
01-29 10:53:58.605 17988-17988 V/AGEphone Cloud Service: NotificationManager [WAKELOCK] endCallEnvironment() Releasing high performance Wifilock for Call Environment...
01-29 10:53:58.605 17988-18044 I/AGEphone Cloud Service: [TID]512990694576 [TNAME]"CommandConsumerThread" CallManager::OnCallDisconnected() Call 0 was disconnected (forced_disconnect = 0)
01-29 10:53:58.605 17988-18044 V/AGEphone Cloud Service: [TID]512990694576 [TNAME]"CommandConsumerThread" [TRANSPORT] [TRANSPORT_REFERENCE] CallManager::OnCallDisconnected() Releasing transport reference for call 0 (if any)...
01-29 10:53:58.605 17988-18044 V/AGEphone Cloud Service: [TID]512990694576 [TNAME]"CommandConsumerThread" [TRANSPORT] CallUserData::RemoveTransport() Call 0: Removing TLS transport tlsc0xb4000079882b062c (0xb4000079882b062c) to [0st1nf.ddns.sdework.com:35061]...
01-29 10:53:58.606 17988-18044 V/AGEphone Cloud Service: [TID]512990694576 [TNAME]"CommandConsumerThread" [TRANSPORT] [TRANSPORT_REFERENCE] CallUserData::RemoveTransport() Call 0: Scheduling release of transport reference...
01-29 10:53:58.606 17988-18044 V/AGEphone Cloud Service: [TID]512990694576 [TNAME]"CommandConsumerThread" [TRANSPORT] [TRANSPORT_REFERENCE] TransportManager::ScheduleReleaseTransportReference() Reference holder call_0 schedules to decrease the reference count to TLS transport tlsc0xb4000079882b062c (0xb4000079882b062c) to [0st1nf.ddns.sdework.com:35061]...
01-29 10:53:58.606 17988-18044 V/AGEphone Cloud Service: [TID]512990694576 [TNAME]"CommandConsumerThread" [TRANSPORT] [TRANSPORT_REFERENCE] TransportUserData::ScheduleRemoveReference() Scheduling release of reference by reference holder "call_0" in about 32 seconds...
01-29 10:53:58.606 17988-18044 V/AGEphone Cloud Service: [TID]512990694576 [TNAME]"CommandConsumerThread" [TRANSPORT] [TRANSPORT_REFERENCE] TransportUserData::ScheduleRemoveReference() Scheduled reference count was decreased from 1 to 0.
01-29 10:53:58.606 17988-18044 V/AGEphone Cloud Service: [TID]512990694576 [TNAME]"CommandConsumerThread" [TRANSPORT] [TRANSPORT_REFERENCE] TransportManager::ScheduleReleaseTransportReference() Reference count to TLS transport tlsc0xb4000079882b062c (0xb4000079882b062c) to [0st1nf.ddns.sdework.com:35061] was scheduled to be released later
01-29 10:53:58.606 17988-18044 D/AGEphone Cloud Service: [TID]512990694576 [TNAME]"CommandConsumerThread" [TRANSPORT] [TRANSPORT_REFERENCE] TransportManager::LogTransportUserDatas() 
    TransportUserDatas after ScheduleReleaseTransportReference():
    TransportUserData(transport = TLS transport tlsc0xb4000079882b062c (0xb4000079882b062c) to [0st1nf.ddns.sdework.com:35061], type = TLS, actual_reference_count = 2, scheduled_reference_count = 0, reference_holders_ = [account_0, call_0], scheduled_releases = [account_0, call_0], disconnect_type = UNKNOWN))
    
01-29 10:53:58.607 17988-18044 V/AGEphone Cloud Service: [TID]512990694576 [TNAME]"CommandConsumerThread" CallStatus::Initialize() youngest_preferred_call = -1, youngest_ringing_call = -1, youngest_call_on_answering_machine = -1, next_call = -1, next_conference = -1
01-29 10:53:58.607 17988-18044 V/AGEphone Cloud Service: [TID]512990694576 [TNAME]"CommandConsumerThread" CallStatus::LoadFromSipEngine() enumerated 1 calls
01-29 10:53:58.607 17988-18044 V/AGEphone Cloud Service: [TID]512990694576 [TNAME]"CommandConsumerThread" CalledNumber::InitType() <sips:0st1nf.ddns.sdework.com:35061;transport=tls> seems to be SIP-URI, but it does not contain a user id.
01-29 10:53:58.607 17988-18044 V/AGEphone Cloud Service: [TID]512990694576 [TNAME]"CommandConsumerThread" CallManager::HasEarlyMedia() Call ID 0 does NOT have early media (detection method: CHECK_ACTUAL_MEDIA)
01-29 10:53:58.607 17988-18044 I/AGEphone Cloud Service: [TID]512990694576 [TNAME]"CommandConsumerThread" [FILTER] CallStatus::LoadFromSipEngine() Did not add CallInfo for call 0 to CallStatus because it is FILTERED
01-29 10:53:58.608 17988-18044 V/AGEphone Cloud Service: [TID]512990694576 [TNAME]"CommandConsumerThread" CallStatus::Initialize() youngest_preferred_call = -1, youngest_ringing_call = -1, youngest_call_on_answering_machine = -1, next_call = -1, next_conference = -1
01-29 10:53:58.608 17988-18044 W/AGEphone Cloud Service: [TID]512990694576 [TNAME]"CommandConsumerThread" CallStatus::GetCallInfoByCallId() Not found (Status Code: 70006, Status Message: Not found (AG_ENOTFOUND))
01-29 10:53:58.608 17988-18044 W/AGEphone Cloud Service: [TID]512990694576 [TNAME]"CommandConsumerThread" CallStatus::InitAssociatedConferences() Could not get CallInfo for associated_call 0 (Status Code: 70006, Status Message: Not found (AG_ENOTFOUND))
01-29 10:53:58.608 17988-18044 D/AGEphone Cloud Service: [TID]512990694576 [TNAME]"CommandConsumerThread" [RINGING_TIMEOUT] CallManager::StopRingingTimer() Stopping ringing timers for call 0...
01-29 10:53:58.608 17988-18044 V/AGEphone Cloud Service: [TID]512990694576 [TNAME]"CommandConsumerThread" [CALL_USER_DATA] CallUserData::OnCallDisconnected() Destroying DtmfPlayer...
01-29 10:53:58.608 17988-18044 I/AGEphone Cloud Service: [TID]512990694576 [TNAME]"CommandConsumerThread" DtmfPlayer::Destroy() Destroying DtmfPlayer...
01-29 10:53:58.608 17988-18044 V/AGEphone Cloud Service: [TID]512990694576 [TNAME]"CommandConsumerThread" DtmfPlayer::FinishInbandDtmf() Finishing inband DTMF (if any)...
01-29 10:53:58.608 17988-18044 I/AGEphone Cloud Service: [TID]512990694576 [TNAME]"CommandConsumerThread" DtmfPlayer::DestroyToneGenerator() Removing port...
01-29 10:53:58.608 17988-18044 V/AGEphone Cloud Service: [TID]512990694576 [TNAME]"CommandConsumerThread"            agsua_aud.c  .check_snd_dev_idle() Call 0 is NOT active, it does NOT need the sound device.
01-29 10:53:58.608 17988-18044 V/AGEphone Cloud Service: [TID]512990694576 [TNAME]"CommandConsumerThread"            agsua_aud.c  .check_snd_dev_idle() total_call_count = 1, number_of_calls_which_dont_need_sound_device = 1, number_of_calls_which_need_sound_device = 0, conf_connect_count = 2, snd_idle_timer::id = 0,
01-29 10:53:58.608 17988-18044 V/AGEphone Cloud Service: [TID]512990694576 [TNAME]"CommandConsumerThread"            agsua_aud.c  .check_snd_dev_idle() Sound device is NOT idle. Will NOT close the sound device.
01-29 10:53:58.609 17988-18044 V/AGEphone Cloud Service: [TID]512990694576 [TNAME]"CommandConsumerThread" [CONF_CONNECT] SipEnginePlugin::ConfRemovePort() Removed conf port 9
01-29 10:53:58.609 17988-18044 I/AGEphone Cloud Service: [TID]512990694576 [TNAME]"CommandConsumerThread" DtmfPlayer::DestroyToneGenerator() Destroying ToneGenerator...
01-29 10:53:58.609 17988-18044 V/AGEphone Cloud Service: [TID]512990694576 [TNAME]"CommandConsumerThread" [CALL_USER_DATA] CallUserData::OnCallDisconnected() Destroying AnsweringMachine...
01-29 10:53:58.609 17988-18044 V/AGEphone Cloud Service: [TID]512990694576 [TNAME]"CommandConsumerThread" AnsweringMachine::Destroy() Destroying AnsweringMachine...
01-29 10:53:58.609 17988-18044 V/AGEphone Cloud Service: [TID]512990694576 [TNAME]"CommandConsumerThread" AnsweringMachine::SetState() State changed from DESTROYED to DESTROYING
01-29 10:53:58.609 17988-18044 V/AGEphone Cloud Service: [TID]512990694576 [TNAME]"CommandConsumerThread" WavePlayerRecorder::Pause() MonoRecorder(address = 0xb4000078b83a3990, filename = ""): rewind = 0, immediate = 0
01-29 10:53:58.609 17988-18044 V/AGEphone Cloud Service: [TID]512990694576 [TNAME]"CommandConsumerThread" WavePlayerRecorder::Pause() We are on the worker thread. Will pause MonoRecorder(address = 0xb4000078b83a3990, filename = "") NOW...
01-29 10:53:58.609 17988-18044 V/AGEphone Cloud Service: [TID]512990694576 [TNAME]"CommandConsumerThread" WavePlayerRecorder::ExecutePause() Pausing MonoRecorder(address = 0xb4000078b83a3990, filename = "") (rewind = 0) ...
01-29 10:53:58.609 17988-18044 V/AGEphone Cloud Service: [TID]512990694576 [TNAME]"CommandConsumerThread" AnsweringMachine::SetState() State changed from DESTROYING to DESTROYED
01-29 10:53:58.609 17988-18044 V/AGEphone Cloud Service: [TID]512990694576 [TNAME]"CommandConsumerThread" [CALL_USER_DATA] CallUserData::OnCallDisconnected() Stopping timers...
01-29 10:53:58.609 17988-18044 V/AGEphone Cloud Service: [TID]512990694576 [TNAME]"CommandConsumerThread" [CALL_USER_DATA] CallUserData::OnCallDisconnected() Stopping call quality monitoring for all streams (if any)...
01-29 10:53:58.609 17988-18044 I/AGEphone Cloud Service: [TID]512990694576 [TNAME]"CommandConsumerThread" ConferenceManager::StopStreamingAndRecordingForDisconnectedCall() Call 0 is the only call in conference 100
01-29 10:53:58.609 17988-18044 I/AGEphone Cloud Service: [TID]512990694576 [TNAME]"CommandConsumerThread" ConferenceManager::StopStreamingAndRecordingForDisconnectedCall() Stopping streaming and recording for conference 100...
01-29 10:53:58.610 17988-18044 I/AGEphone Cloud Service: [TID]512990694576 [TNAME]"CommandConsumerThread" ConferenceManager::RecordingPause() conference_id: 100
01-29 10:53:58.610 17988-18044 V/AGEphone Cloud Service: [TID]512990694576 [TNAME]"CommandConsumerThread" WavePlayerRecorder::Pause() MonoRecorder(address = 0xb4000078b83a3990, filename = ""): rewind = 0, immediate = 0
01-29 10:53:58.610 17988-18044 V/AGEphone Cloud Service: [TID]512990694576 [TNAME]"CommandConsumerThread" WavePlayerRecorder::Pause() We are on the worker thread. Will pause MonoRecorder(address = 0xb4000078b83a3990, filename = "") NOW...
01-29 10:53:58.610 17988-18044 V/AGEphone Cloud Service: [TID]512990694576 [TNAME]"CommandConsumerThread" WavePlayerRecorder::ExecutePause() Pausing MonoRecorder(address = 0xb4000078b83a3990, filename = "") (rewind = 0) ...
01-29 10:53:58.610 17988-18044 I/AGEphone Cloud Service: [TID]512990694576 [TNAME]"CommandConsumerThread" ConferenceManager::StreamingStop() conference_id: 100
01-29 10:53:58.610 17988-18044 V/AGEphone Cloud Service: [TID]512990694576 [TNAME]"CommandConsumerThread" AudioStreamManager::ReconnectAudioStreamsAndLocalAudioForConference() conference_id = 100
01-29 10:53:58.610 17988-18044 V/AGEphone Cloud Service: [TID]512990694576 [TNAME]"CommandConsumerThread" AudioStreamManager::DisconnectAudioStreamsAndLocalAudioForConference() conference_id = 100
01-29 10:53:58.610 17988-18044 V/AGEphone Cloud Service: [TID]512990694576 [TNAME]"CommandConsumerThread" AudioStreamManager::DisconnectConferenceFromLocalAudio() conference_id = 100, audio_direction = BOTH
01-29 10:53:58.610 17988-18044 V/AGEphone Cloud Service: [TID]512990694576 [TNAME]"CommandConsumerThread" AudioStreamManager::DisconnectLocalAudioForCallList() Disconnecting local audio streams for calls {0, }, audio_direction = BOTH
01-29 10:53:58.610 17988-18044 V/AGEphone Cloud Service: [TID]512990694576 [TNAME]"CommandConsumerThread" AudioStreamManager::DisconnectLocalAudioForCall() call_id = 0, audio_direction = BOTH
01-29 10:53:58.610 17988-18044 V/AGEphone Cloud Service: [TID]512990694576 [TNAME]"CommandConsumerThread" [CONF_CONNECT] AudioStreamManager::DisconnectLocalAudioForCall() Call 0 can't connect. Audio streams will not be disconnected.
01-29 10:53:58.610 17988-18044 V/AGEphone Cloud Service: [TID]512990694576 [TNAME]"CommandConsumerThread" AudioStreamManager::DisconnectAudioStreamsForConference() conference_id = 100
01-29 10:53:58.610 17988-18044 V/AGEphone Cloud Service: [TID]512990694576 [TNAME]"CommandConsumerThread" AudioStreamManager::DisconnectAudioStreamsForCallList() Disconnecting audio streams for calls {0, }
01-29 10:53:58.611 17988-18044 V/AGEphone Cloud Service: [TID]512990694576 [TNAME]"CommandConsumerThread" AudioStreamManager::ConnectAudioStreamsAndLocalAudioForConference() conference_id = 100
01-29 10:53:58.611 17988-18044 V/AGEphone Cloud Service: [TID]512990694576 [TNAME]"CommandConsumerThread" ConferenceUserData::GetRequestedAudioDirection() requested_mute = 1, requested_silence = 1, requested_audio_direction = NONE
01-29 10:53:58.611 17988-18044 V/AGEphone Cloud Service: [TID]512990694576 [TNAME]"CommandConsumerThread" AudioStreamManager::ConnectConferenceToLocalAudio() conference_id = 100, audio_direction = NONE
01-29 10:53:58.611 17988-18044 V/AGEphone Cloud Service: [TID]512990694576 [TNAME]"CommandConsumerThread" AudioStreamManager::ConnectConferenceToLocalAudio() AudioDirection is NONE, nothing to do.
01-29 10:53:58.611 17988-18044 V/AGEphone Cloud Service: [TID]512990694576 [TNAME]"CommandConsumerThread" AudioStreamManager::ConnectAudioStreamsForConference() conference_id = 100
01-29 10:53:58.611 17988-18044 V/AGEphone Cloud Service: [TID]512990694576 [TNAME]"CommandConsumerThread" AudioStreamManager::ConnectAudioStreamsForCallList() Connecting audio streams for calls {0, }
01-29 10:53:58.611 17988-18044 I/AGEphone Cloud Service: [TID]512990694576 [TNAME]"CommandConsumerThread" CallManager::OnCallDisconnected() The LAST ongoing call was disconnected. Will reset the user preferred speaker route...
01-29 10:53:58.611 17988-18044 V/AGEphone Cloud Service: [TID]512990694576 [TNAME]"CommandConsumerThread" SoundManager::ResetUserPreferredSpeakerRoute() Resetting user preferred speaker route to INTERNAL.
01-29 10:53:58.611 17988-18044 V/AGEphone Cloud Service: [TID]512990694576 [TNAME]"CommandConsumerThread" CallStatus::Initialize() youngest_preferred_call = -1, youngest_ringing_call = -1, youngest_call_on_answering_machine = -1, next_call = -1, next_conference = -1
01-29 10:53:58.611 17988-18044 V/AGEphone Cloud Service: [TID]512990694576 [TNAME]"CommandConsumerThread" CallStatus::LoadFromSipEngine() enumerated 1 calls
01-29 10:53:58.612 17988-18044 V/AGEphone Cloud Service: [TID]512990694576 [TNAME]"CommandConsumerThread" CalledNumber::InitType() <sips:0st1nf.ddns.sdework.com:35061;transport=tls> seems to be SIP-URI, but it does not contain a user id.
01-29 10:53:58.612 17988-18044 V/AGEphone Cloud Service: [TID]512990694576 [TNAME]"CommandConsumerThread" CallManager::HasEarlyMedia() Call ID 0 does NOT have early media (detection method: CHECK_ACTUAL_MEDIA)
01-29 10:53:58.612 17988-18044 I/AGEphone Cloud Service: [TID]512990694576 [TNAME]"CommandConsumerThread" [FILTER] CallStatus::LoadFromSipEngine() Did not add CallInfo for call 0 to CallStatus because it is FILTERED
01-29 10:53:58.612 17988-18044 V/AGEphone Cloud Service: [TID]512990694576 [TNAME]"CommandConsumerThread" CallStatus::Initialize() youngest_preferred_call = -1, youngest_ringing_call = -1, youngest_call_on_answering_machine = -1, next_call = -1, next_conference = -1
01-29 10:53:58.612 17988-18044 V/AGEphone Cloud Service: [TID]512990694576 [TNAME]"CommandConsumerThread" SoundManager::SpeakerRoutingLogic() Call count is 0, using idle_speaker_route (INTERNAL)...
01-29 10:53:58.612 17988-18044 I/AGEphone Cloud Service: NativeSoundListener [INTERACTION ENTRY] hasCapability(SPEAKER_ROUTE, )
01-29 10:53:58.612 17988-18044 D/AGEphone Cloud Service: NativeSoundListener [INTERACTION EXIT] 
01-29 10:53:58.612 17988-18044 W/AGEphone Cloud Service: [TID]512990694576 [TNAME]"CommandConsumerThread" SoundManager::SpeakerRoutingLogic() SoundListener does not have the capability to route speakers.
01-29 10:53:58.612 17988-18044 V/AGEphone Cloud Service: [TID]512990694576 [TNAME]"CommandConsumerThread" SoundManager::SpeakerRoutingLogic() Speaker route did not change.
01-29 10:53:58.612 17988-18044 V/AGEphone Cloud Service: [TID]512990694576 [TNAME]"CommandConsumerThread" [CALL_USER_DATA] CallUserData::DestroyPlayers() Destroying DtmfPlayer...
01-29 10:53:58.613 17988-18044 I/AGEphone Cloud Service: [TID]512990694576 [TNAME]"CommandConsumerThread" DtmfPlayer::Destroy() Destroying DtmfPlayer...
01-29 10:53:58.613 17988-18044 V/AGEphone Cloud Service: [TID]512990694576 [TNAME]"CommandConsumerThread" DtmfPlayer::FinishInbandDtmf() Finishing inband DTMF (if any)...
01-29 10:53:58.613 17988-18044 I/AGEphone Cloud Service: [TID]512990694576 [TNAME]"CommandConsumerThread" DtmfPlayer::DestroyToneGenerator() No port to remove.
01-29 10:53:58.613 17988-18044 I/AGEphone Cloud Service: [TID]512990694576 [TNAME]"CommandConsumerThread" DtmfPlayer::DestroyToneGenerator() No ToneGenerator to destroy.
01-29 10:53:58.613 17988-18044 V/AGEphone Cloud Service: [TID]512990694576 [TNAME]"CommandConsumerThread" [CALL_USER_DATA] CallUserData::DestroyPlayers() Destroying AnsweringMachine...
01-29 10:53:58.613 17988-18044 V/AGEphone Cloud Service: [TID]512990694576 [TNAME]"CommandConsumerThread" AnsweringMachine::Destroy() Destroying AnsweringMachine...
01-29 10:53:58.613 17988-18044 V/AGEphone Cloud Service: [TID]512990694576 [TNAME]"CommandConsumerThread" AnsweringMachine::SetState() State changed from DESTROYED to DESTROYING
01-29 10:53:58.613 17988-18044 V/AGEphone Cloud Service: [TID]512990694576 [TNAME]"CommandConsumerThread" WavePlayerRecorder::Pause() MonoRecorder(address = 0xb4000078b83a3990, filename = ""): rewind = 0, immediate = 0
01-29 10:53:58.613 17988-18044 V/AGEphone Cloud Service: [TID]512990694576 [TNAME]"CommandConsumerThread" WavePlayerRecorder::Pause() We are on the worker thread. Will pause MonoRecorder(address = 0xb4000078b83a3990, filename = "") NOW...
01-29 10:53:58.613 17988-18044 V/AGEphone Cloud Service: [TID]512990694576 [TNAME]"CommandConsumerThread" WavePlayerRecorder::ExecutePause() Pausing MonoRecorder(address = 0xb4000078b83a3990, filename = "") (rewind = 0) ...
01-29 10:53:58.613 17988-18044 V/AGEphone Cloud Service: [TID]512990694576 [TNAME]"CommandConsumerThread" AnsweringMachine::SetState() State changed from DESTROYING to DESTROYED
01-29 10:53:58.614 17988-18044 V/AGEphone Cloud Service: [TID]512990694576 [TNAME]"CommandConsumerThread" [CALL_USER_DATA] CallUserData::DestroyPlayers() Destroying Recorder...
01-29 10:53:58.614 17988-18044 V/AGEphone Cloud Service: [TID]512990694576 [TNAME]"CommandConsumerThread" MonoRecorder::Destroy() Destroying MonoRecorder(address = 0xb4000078b83a3990, filename = "")...
01-29 10:53:58.614 17988-18044 V/AGEphone Cloud Service: [TID]512990694576 [TNAME]"CommandConsumerThread" [FILTER] CallManager::OnCallDisconnected() Will not fire disconnect event for call 0 because the call is FILTERED_COMPLETELY.
01-29 10:53:58.614 17988-18044 I/AGEphone Cloud Service: [TID]512990694576 [TNAME]"CommandConsumerThread" ConferenceManager::OnCallDisconnected() Call 0 is the only call in conference 100, removing ConferenceUserData
01-29 10:53:58.614 17988-18044 V/AGEphone Cloud Service: [TID]512990694576 [TNAME]"CommandConsumerThread" CallStatus::Initialize() youngest_preferred_call = -1, youngest_ringing_call = -1, youngest_call_on_answering_machine = -1, next_call = -1, next_conference = -1
01-29 10:53:58.614 17988-18044 V/AGEphone Cloud Service: [TID]512990694576 [TNAME]"CommandConsumerThread" CallStatus::LoadFromSipEngine() enumerated 1 calls
01-29 10:53:58.614 17988-18044 V/AGEphone Cloud Service: [TID]512990694576 [TNAME]"CommandConsumerThread" CalledNumber::InitType() <sips:0st1nf.ddns.sdework.com:35061;transport=tls> seems to be SIP-URI, but it does not contain a user id.
01-29 10:53:58.614 17988-18044 V/AGEphone Cloud Service: [TID]512990694576 [TNAME]"CommandConsumerThread" CallManager::HasEarlyMedia() Call ID 0 does NOT have early media (detection method: CHECK_ACTUAL_MEDIA)
01-29 10:53:58.614 17988-18044 I/AGEphone Cloud Service: [TID]512990694576 [TNAME]"CommandConsumerThread" [FILTER] CallStatus::LoadFromSipEngine() Did not add CallInfo for call 0 to CallStatus because it is FILTERED
01-29 10:53:58.615 17988-18044 V/AGEphone Cloud Service: [TID]512990694576 [TNAME]"CommandConsumerThread" CallStatus::Initialize() youngest_preferred_call = -1, youngest_ringing_call = -1, youngest_call_on_answering_machine = -1, next_call = -1, next_conference = -1
01-29 10:53:58.615 17988-17988 D/AGEphone Cloud Service: SipService onOverallCallStateChanged() newState = OVERALL_CALL_STATE_IDLE, oldState = OVERALL_CALL_STATE_TALKING
01-29 10:53:58.615 17988-18044 I/AGEphone Cloud Service: [TID]512990694576 [TNAME]"CommandConsumerThread" CallStatus::FireConferenceDestroyedEvent() [CALL_STATUS] 
        CallStatus(id = iPhH9W3sXlasvzA7kGgRFybl5hsczpGS, event = ON_CONFERENCE_DESTROYED, associated call(s) = )
        Contains 0 call(s) total / 0 busy call(s):
        Details:
        CallStatus(
            description_ = CallStatus(id = iPhH9W3sXlasvzA7kGgRFybl5hsczpGS, event = ON_CONFERENCE_DESTROYED, associated call(s) = )
            call_count_ = 0
            total_busy_call_count_ = 0
            busy_call_count_without_filtered_calls_ = 0
            associated_calls_ = []
            associated_conferences_ = []
            next_call_id_in_sequence_ = -1
            next_conference_id_in_sequence_ = -1
            active_conference_id_ = -1
            overall_call_state_ = IDLE
            overall_vibration_behavior_ = DISABLED
        )
01-29 10:53:58.615 17988-17988 D/AGEphone Cloud Service: SipService onCallEnvironmentStopped()
01-29 10:53:58.615 17988-18044 I/AGEphone Cloud Service: [TID]512990694576 [TNAME]"CommandConsumerThread" CallStatus::FireConferenceDestroyedEvent() ConferenceStatus(
        count = 0
        )
01-29 10:53:58.615 17988-17988 I/AGEphone Cloud Service: SipService releaseMediaSession()
01-29 10:53:58.615 17988-18044 V/AGEphone Cloud Service: [TID]512990694576 [TNAME]"CommandConsumerThread" ConferenceManager::RemoveConferenceUserData() Removing ConferenceuserData for conference 100...
01-29 10:53:58.615 17988-18044 V/AGEphone Cloud Service: [TID]512990694576 [TNAME]"CommandConsumerThread" [CONFERENCE_USER_DATA] ConferenceUserData::Dispose() Disposing ConferenceUserData 0xb40000787822ed70...
01-29 10:53:58.615 17988-18044 V/AGEphone Cloud Service: [TID]512990694576 [TNAME]"CommandConsumerThread" [CONFERENCE_USER_DATA] ConferenceUserData::Dispose() Destroying WaveFilePlayer...
01-29 10:53:58.615 17988-18044 V/AGEphone Cloud Service: [TID]512990694576 [TNAME]"CommandConsumerThread" [CONFERENCE_USER_DATA] ConferenceUserData::Dispose() Done.
01-29 10:53:58.615 17988-18043 V/AGEphone Cloud Service: [TID]513086319792 [TNAME]"EventConsumerThread" CallStatus::Initialize() youngest_preferred_call = -1, youngest_ringing_call = -1, youngest_call_on_answering_machine = -1, next_call = -1, next_conference = -1
01-29 10:53:58.615 17988-18044 I/AGEphone Cloud Service: [TID]512990694576 [TNAME]"CommandConsumerThread" [CONFERENCE_USER_DATA] ConferenceManager::RemoveConferenceUserData() Removed ConferenceUserData 0xb40000787822ed70 for conference 100
01-29 10:53:58.615 17988-18044 D/AGEphone Cloud Service: [TID]512990694576 [TNAME]"CommandConsumerThread" [CALL_USER_DATA] CallManager::RemoveCallUserData() Removing CallUserData 0xb4000079582529d0 from call 0
01-29 10:53:58.616 17988-18043 V/AGEphone Cloud Service: [TID]513086319792 [TNAME]"EventConsumerThread" [CALL_STATUS] EventConsumerThread::OnEventConferenceDestroyed() Listener 0x777243d428 will process CallStatus(id = iPhH9W3sXlasvzA7kGgRFybl5hsczpGS, event = ON_CONFERENCE_DESTROYED, associated call(s) = )...
01-29 10:53:58.616 17988-18044 V/AGEphone Cloud Service: [TID]512990694576 [TNAME]"CommandConsumerThread" [CALL_USER_DATA] CallManager::ListCallUserDatas() <RemoveCallUserData()> List of calls and CallUserDatas:
    call_id = 0, call_user_data = 0x0
01-29 10:53:58.616 17988-18044 D/AGEphone Cloud Service: [TID]512990694576 [TNAME]"CommandConsumerThread" [CALL_USER_DATA] CallManager::RemoveCallUserData() Starting dispose timer...
01-29 10:53:58.616 17988-18043 I/AGEphone Cloud Service: [TID]513086319792 [TNAME]"EventConsumerThread" SipInterface::OnConferenceDestroyed() conference_id = 100
01-29 10:53:58.616 17988-18044 D/AGEphone Cloud Service: [TID]512990694576 [TNAME]"CommandConsumerThread" [CALL_USER_DATA] CallManager::RemoveCallUserData() 1 CallUserDatas are unused and pending disposal.
01-29 10:53:58.616 17988-18044 V/AGEphone Cloud Service: [TID]512990694576 [TNAME]"CommandConsumerThread" AudioStreamManager::DecreaseNullPortReferenceCount() We are releasing the last reference to the NULL port. Will disconnect the NULL port from the local audio...
01-29 10:53:58.616 17988-18044 V/AGEphone Cloud Service: [TID]512990694576 [TNAME]"CommandConsumerThread" AudioStreamManager::DisconnectNullPortFromLocalAudio() Disconnecting the NULL port (1) from the local audio device in both directions...
01-29 10:53:58.616 17988-18043 I/AGEphone Cloud Service: NativeInterface [INTERACTION ENTRY] Conference destroyed: conferenceId: 100
01-29 10:53:58.616 17988-18044 V/AGEphone Cloud Service: [TID]512990694576 [TNAME]"CommandConsumerThread" [CONF_CONNECT] AudioStreamManager::ConfDisconnect() Disconnecting source port 0 from sink port 1.
01-29 10:53:58.616 17988-18043 I/AGEphone Cloud Service: NativeInterface (Treating conference destroyed event as conference updated)
01-29 10:53:58.616 17988-18044 D/AGEphone Cloud Service: [TID]512990694576 [TNAME]"CommandConsumerThread"            agsua_aud.c  .Conf disconnect: 0 -x- 1
01-29 10:53:58.616 17988-18043 I/AGEphone Cloud Service: NativeInterface [INTERACTION ENTRY] Conference update: conferenceId: 100
01-29 10:53:58.616 17550-17550 I/AGEphone Cloud Activity: ActivityBroadcastReceiver [INTERACTION CODE_ENTRY] Received service event (EVENT_ON_CALL_DISCONNECTED)
01-29 10:53:58.617 17550-17550 D/AGEphone Cloud Activity: BasicFunctionalityLocker [FUNCTIONALITY_LOCKER] "ReconnectAccount" handleServiceEvent(EVENT_ON_CALL_DISCONNECTED)
01-29 10:53:58.617 17550-17550 D/AGEphone Cloud Activity: ActivityBroadcastReceiver [MESSAGING] handleServiceEventIntent()
       eventType = EVENT_ON_CALL_DISCONNECTED
       eventGroup = CALL_SPECIFIC
       eventCategory = SIP_NOTIFICATION
       Bundle = Bundle[{callId=0, IDENTIFIER_CALL_STATUS=Supplier{VAL_SERIALIZABLE@84+5236}, eventType=EVENT_ON_CALL_DISCONNECTED}]
01-29 10:53:58.618 17550-17550 D/AGEphone Cloud Activity: CallStatus CallStatus#update() overallCallState = OVERALL_CALL_STATE_IDLE, totalBusyCallCount = 0, busyCallCountWithoutFilteredCalls = 0, nextCallIdInSequence = -1
01-29 10:53:58.618 17550-17550 I/AGEphone Cloud Activity: ActivityBroadcastReceiver Activity: onCallDisconnected: callId: 0
01-29 10:53:58.618 17550-17550 I/AGEphone Cloud Activity: DialTextView handleCallStateUpdate() callId:0, changeType:DISCONNECTED
01-29 10:53:58.618 17550-17550 D/AGEphone Cloud Activity: ActionButtonGroup adjustActiveButton(IDLE) com.ageet.agephonecloud:id/ActionButtonGroupAction2
01-29 10:53:58.618 17550-17550 D/AGEphone Cloud Activity: ActionButtonGroup Checking ActionButton REDIAL
01-29 10:53:58.618 17550-17550 V/AGEphone Cloud Activity: DialInputSubConditionSet [ActionButton] checking condition: NO_INPUT (number: "")
01-29 10:53:58.618 17550-17550 V/AGEphone Cloud Activity: DialInputSubConditionSet [ActionButton] overall result: true
01-29 10:53:58.618 17550-17550 D/AGEphone Cloud Activity: ActionButtonGroup conditions are met
01-29 10:53:58.618 17550-17550 D/AGEphone Cloud Activity: ActionButton onBecomesInactive (HOLD)
01-29 10:53:58.618 17550-17550 D/AGEphone Cloud Activity: BackgroundConversationSubConditionSet stopping to watch for sub condition changes
01-29 10:53:58.619 17550-17550 D/AGEphone Cloud Activity: ActionButton onBecomesActive (REDIAL)
01-29 10:53:58.619 17550-17550 D/AGEphone Cloud Activity: DialInputSubConditionSet starting to watch for sub condition changes
01-29 10:53:58.619 17550-17550 I/AGEphone Cloud Activity: InCallScreen Call state was updated (0, DISCONNECTED)
01-29 10:53:58.619 17550-17550 D/AGEphone Cloud Activity: InCallScreen changeType = DISCONNECTED
01-29 10:53:58.619 17550-17550 D/AGEphone Cloud Activity: InCallScreen Updating call quality (callId = 0, callState = IDLE, callQuality = GOOD)
01-29 10:53:58.619 17550-17550 D/AGEphone Cloud Activity: InCallScreen Updating conversation name (0)
01-29 10:53:58.619 17550-17550 D/AGEphone Cloud Activity: DefaultCallInfoResolver [CRM] Retrieving contact by remote user info (15)
01-29 10:53:58.619 17550-17550 D/AGEphone Cloud Activity: DefaultCallInfoResolver [CRM] No dialed number is available
01-29 10:53:58.619 17550-17550 D/AGEphone Cloud Activity: DefaultCallInfoResolver [CRM] Retrieving contact by filtered remote user id (15)
01-29 10:53:58.619 17550-17550 I/AGEphone Cloud Activity: ContactAccessor [CRM] specificContactLookupByPhoneNumberOrDefault() Performing priority contact lookup: phone number: 15
01-29 10:53:58.620 17550-17550 D/AGEphone Cloud Activity: MyPriorityAddressBookResolver specificContactLookupByPhoneNumberOrDefault() lookup number = 15
01-29 10:53:58.620 17550-17550 D/AGEphone Cloud Activity: CustomizableDialMenu specificContactLookupByPhoneNumberOrDefault() [ENTRY] *72954# = オフラインモード
01-29 10:53:58.620 17550-17550 D/AGEphone Cloud Activity: CustomizableDialMenu specificContactLookupByPhoneNumberOrDefault() [ENTRY] *72955# = 通常モード（発着）
01-29 10:53:58.620 17550-17550 D/AGEphone Cloud Activity: CustomizableDialMenu specificContactLookupByPhoneNumberOrDefault() [ENTRY] ## = ピックアップ
01-29 10:53:58.620 17550-17550 D/AGEphone Cloud Activity: CustomizableDialMenu specificContactLookupByPhoneNumberOrDefault() [RESULT] lookup number = 15, lookup result = 
01-29 10:53:58.620 17550-17550 I/AGEphone Cloud Activity: ContactAccessor [CRM] specificContactLookupByPhoneNumberOrDefault() Placing specific contact lookup request: phone number: 15
01-29 10:53:58.620 17550-17550 D/AGEphone Cloud Activity: DefaultCallInfoResolver [CRM] Generating remote screen name (15)
01-29 10:53:58.620 17550-17550 D/AGEphone Cloud Activity: DefaultCallInfoResolver [CRM] Requesting filtered remote contact name
01-29 10:53:58.620 17550-17550 D/AGEphone Cloud Activity: DefaultCallInfoResolver [CRM] Retrieving remote contact name (15)
01-29 10:53:58.620 17550-17550 D/AGEphone Cloud Activity: DefaultCallInfoResolver selectRemoteUriToUse() Use RemoteInfo URI
01-29 10:53:58.620 17550-17550 D/AGEphone Cloud Activity: DefaultCallInfoResolver [CRM] Replaced remote user id is not available, requires contact object
01-29 10:53:58.620 17550-17550 D/AGEphone Cloud Activity: DefaultCallInfoResolver [CRM] Will use passed pending contact
01-29 10:53:58.620 17550-17550 D/AGEphone Cloud Activity: DefaultCallInfoResolver [CRM] Requested remote contact name operation updated ()
01-29 10:53:58.620 17550-18341 D/AGEphone Cloud Activity: AndroidAddressBookContactSource [CRM] loadContactInfo() contactUri = content://com.android.contacts/phone_lookup/15
01-29 10:53:58.621 17550-17550 D/AGEphone Cloud Activity: InCallScreen updateCallDuration
01-29 10:53:58.621 17550-18341 V/AGEphone Cloud Activity: AndroidAddressBookContactSource [CRM] loadContactInfo() using cached contact info (content://com.android.contacts/phone_lookup/15)
01-29 10:53:58.621 17550-18341 D/AGEphone Cloud Activity: DefaultCallInfoResolver [CRM] No valid contact found by filtered remote user id
01-29 10:53:58.621 17550-18341 D/AGEphone Cloud Activity: DefaultCallInfoResolver selectRemoteUriToUse() Use RemoteInfo URI
01-29 10:53:58.621 17550-18341 D/AGEphone Cloud Activity: DefaultCallInfoResolver [CRM] Remote display name is not available for contact lookup, giving up...
01-29 10:53:58.621 17550-18341 D/AGEphone Cloud Activity: DefaultCallInfoResolver [CRM] Contact is now available ()
01-29 10:53:58.621 17550-18341 D/AGEphone Cloud Activity: DefaultCallInfoResolver [CRM] Requested remote contact name operation finished ()
01-29 10:53:58.621 17550-18341 D/AGEphone Cloud Activity: DefaultCallInfoResolver selectRemoteUriToUse() Use RemoteInfo URI
01-29 10:53:58.622 17550-18341 D/AGEphone Cloud Activity: DefaultCallInfoResolver [CRM] Generating remote screen name operation finished (15)
01-29 10:53:58.622 17550-17550 D/AGEphone Cloud Activity: ActionButtonGroup adjustActiveButton(IDLE) com.ageet.agephonecloud:id/ActionButtonGroupAction1
01-29 10:53:58.622 17550-17550 D/AGEphone Cloud Activity: ActionButtonGroup Checking ActionButton MORE
01-29 10:53:58.622 17550-17550 D/AGEphone Cloud Activity: ActionButtonGroup conditions are met
01-29 10:53:58.622 17550-17550 D/AGEphone Cloud Activity: ActionButton onBecomesInactive (MORE)
01-29 10:53:58.622 17550-17550 D/AGEphone Cloud Activity: ActionButton onBecomesActive (MORE)
01-29 10:53:58.622 17550-17550 D/AGEphone Cloud Activity: ActionButtonGroup adjustActiveButton(IDLE) com.ageet.agephonecloud:id/ActionButtonGroupAction2
01-29 10:53:58.622 17550-17550 D/AGEphone Cloud Activity: ActionButtonGroup Checking ActionButton REDIAL
01-29 10:53:58.622 17550-17550 V/AGEphone Cloud Activity: DialInputSubConditionSet [ActionButton] checking condition: NO_INPUT (number: "")
01-29 10:53:58.622 17550-17550 V/AGEphone Cloud Activity: DialInputSubConditionSet [ActionButton] overall result: true
01-29 10:53:58.622 17550-17550 D/AGEphone Cloud Activity: ActionButtonGroup conditions are met
01-29 10:53:58.622 17550-17550 D/AGEphone Cloud Activity: ActionButtonGroup adjustActiveButton(IDLE) com.ageet.agephonecloud:id/ActionButtonGroupAction3
01-29 10:53:58.622 17550-17550 D/AGEphone Cloud Activity: ActionButtonGroup Checking ActionButton ADDRESS_BOOK
01-29 10:53:58.622 17550-17550 D/AGEphone Cloud Activity: ActionButtonGroup conditions are met
01-29 10:53:58.622 17550-17550 D/AGEphone Cloud Activity: ActionButton onBecomesInactive (HANGUP)
01-29 10:53:58.622 17550-17550 D/AGEphone Cloud Activity: ActionButton onBecomesActive (ADDRESS_BOOK)
01-29 10:53:58.623 17550-17550 D/AGEphone Cloud Activity: ActionButtonGroup adjustActiveButton(IDLE) com.ageet.agephonecloud:id/ActionButtonGroupAction1
01-29 10:53:58.623 17550-17550 D/AGEphone Cloud Activity: ActionButtonGroup Checking ActionButton MORE
01-29 10:53:58.623 17550-17550 D/AGEphone Cloud Activity: ActionButtonGroup conditions are met
01-29 10:53:58.623 17550-17550 D/AGEphone Cloud Activity: ActionButtonGroup adjustActiveButton(IDLE) com.ageet.agephonecloud:id/ActionButtonGroupAction2
01-29 10:53:58.623 17550-17550 D/AGEphone Cloud Activity: ActionButtonGroup Checking ActionButton REDIAL
01-29 10:53:58.623 17550-17550 V/AGEphone Cloud Activity: DialInputSubConditionSet [ActionButton] checking condition: NO_INPUT (number: "")
01-29 10:53:58.623 17550-17550 V/AGEphone Cloud Activity: DialInputSubConditionSet [ActionButton] overall result: true
01-29 10:53:58.623 17550-17550 D/AGEphone Cloud Activity: ActionButtonGroup conditions are met
01-29 10:53:58.623 17550-17550 D/AGEphone Cloud Activity: ActionButtonGroup adjustActiveButton(IDLE) com.ageet.agephonecloud:id/ActionButtonGroupAction3
01-29 10:53:58.623 17550-17550 D/AGEphone Cloud Activity: ActionButtonGroup Checking ActionButton ADDRESS_BOOK
01-29 10:53:58.623 17550-17550 D/AGEphone Cloud Activity: ActionButtonGroup conditions are met
01-29 10:53:58.623 17550-17550 I/AGEphone Cloud Activity: InCallScreen Active conversation was updated (null, null)
01-29 10:53:58.623 17550-17550 I/AGEphone Cloud Activity: ServiceConnector sendSipManagerCommandSoundSetActiveCallForSound(-1)
01-29 10:53:58.623 17550-17550 D/AGEphone Cloud Activity: BasicFunctionalityLocker [FUNCTIONALITY_LOCKER] "HoldAllExcept" handleActivityCommand(COMMAND_SIP_MANAGER_SOUND_SET_ACTIVE_CALL_FOR_SOUND)
01-29 10:53:58.623 17550-17550 D/AGEphone Cloud Activity: BasicFunctionalityLocker [FUNCTIONALITY_LOCKER] "Hold" handleActivityCommand(COMMAND_SIP_MANAGER_SOUND_SET_ACTIVE_CALL_FOR_SOUND)
01-29 10:53:58.623 17550-17550 D/AGEphone Cloud Activity: BasicFunctionalityLocker [FUNCTIONALITY_LOCKER] "ReconnectAccount" handleActivityCommand(COMMAND_SIP_MANAGER_SOUND_SET_ACTIVE_CALL_FOR_SOUND)
01-29 10:53:58.624 17988-18044 D/AGEphone Cloud Service: [TID]512990694576 [TNAME]"CommandConsumerThread"           conference.c  ..Port 0 (AndroidAudioDevice) stop transmitting to port 1 (null-port)
01-29 10:53:58.624 17988-18043 D/AGEphone Cloud Service: ServiceLibraryEventHandler Received native event
01-29 10:53:58.624 17988-18043 D/AGEphone Cloud Service: NativeInterface [INTERACTION EXIT] 
01-29 10:53:58.624 17988-18044 V/AGEphone Cloud Service: [TID]512990694576 [TNAME]"CommandConsumerThread"           Master/sound  ..[DELAY_BUFFER] reset() Delay buffer is reset
01-29 10:53:58.624 17988-18043 D/AGEphone Cloud Service: NativeInterface [INTERACTION EXIT] 
01-29 10:53:58.624 17988-18044 V/AGEphone Cloud Service: [TID]512990694576 [TNAME]"CommandConsumerThread"            agsua_aud.c  ..check_snd_dev_idle() Call 0 is NOT active, it does NOT need the sound device.
01-29 10:53:58.624 17988-18044 V/AGEphone Cloud Service: [TID]512990694576 [TNAME]"CommandConsumerThread"            agsua_aud.c  ..check_snd_dev_idle() total_call_count = 1, number_of_calls_which_dont_need_sound_device = 1, number_of_calls_which_need_sound_device = 0, conf_connect_count = 1, snd_idle_timer::id = 0,
01-29 10:53:58.624 17988-18043 V/AGEphone Cloud Service: [TID]513086319792 [TNAME]"EventConsumerThread" [CALL_STATUS] EventConsumerThread::OnEventConferenceDestroyed() Listener 0x777243d428 did process CallStatus(id = iPhH9W3sXlasvzA7kGgRFybl5hsczpGS, event = ON_CONFERENCE_DESTROYED, associated call(s) = ).
01-29 10:53:58.624 17988-18044 V/AGEphone Cloud Service: [TID]512990694576 [TNAME]"CommandConsumerThread"            agsua_aud.c  ..check_snd_dev_idle() Sound device is NOT idle. Will NOT close the sound device.
01-29 10:53:58.625 17988-18044 V/AGEphone Cloud Service: [TID]512990694576 [TNAME]"CommandConsumerThread" [CONF_CONNECT] AudioStreamManager::ConfDisconnect() source port 0 now has 0 listeners.
01-29 10:53:58.625 17988-17988 D/AGEphone Cloud Service: CallStatus CallStatus#update() overallCallState = OVERALL_CALL_STATE_IDLE, totalBusyCallCount = 0, busyCallCountWithoutFilteredCalls = 0, nextCallIdInSequence = -1
01-29 10:53:58.625 17988-18044 V/AGEphone Cloud Service: [TID]512990694576 [TNAME]"CommandConsumerThread" CallManager::FindCallIdByConfPortId() No call has conf_lot with port_id 0
01-29 10:53:58.625 17988-18044 W/AGEphone Cloud Service: [TID]512990694576 [TNAME]"CommandConsumerThread" CallManager::IsValidCallId() Call ID -1 is not inside valid range for SIP calls. (Probably not a SIP call)
01-29 10:53:58.625 17988-18044 V/AGEphone Cloud Service: [TID]512990694576 [TNAME]"CommandConsumerThread" [CONF_CONNECT] AudioStreamManager::ConfDisconnect() Disconnecting source port 1 from sink port 0.
01-29 10:53:58.625 17988-17988 I/AGEphone Cloud Service: RingTonePlayer stopInternal()
01-29 10:53:58.625 17988-18044 D/AGEphone Cloud Service: [TID]512990694576 [TNAME]"CommandConsumerThread"            agsua_aud.c  .Conf disconnect: 1 -x- 0
01-29 10:53:58.625 17988-18044 D/AGEphone Cloud Service: [TID]512990694576 [TNAME]"CommandConsumerThread"           conference.c  ..Port 1 (null-port) stop transmitting to port 0 (AndroidAudioDevice)
01-29 10:53:58.625 17988-18044 V/AGEphone Cloud Service: [TID]512990694576 [TNAME]"CommandConsumerThread"            agsua_aud.c  ..check_snd_dev_idle() Call 0 is NOT active, it does NOT need the sound device.
01-29 10:53:58.625 17988-17988 D/AGEphone Cloud Service: SipService [MESSAGING] handleEventByInstance()
       eventType = EVENT_ON_CONFERENCE_UPDATE
       eventGroup = CALL_SPECIFIC
       eventCategory = SIP_NOTIFICATION
       Bundle = Bundle[{IDENTIFIER_CALL_STATUS=com.ageet.AGEphone.Activity.SipStatus.CallStatus@5f7ebd5, conferenceId=100, eventType=EVENT_ON_CONFERENCE_UPDATE}]
01-29 10:53:58.625 17988-18044 V/AGEphone Cloud Service: [TID]512990694576 [TNAME]"CommandConsumerThread"            agsua_aud.c  ..check_snd_dev_idle() total_call_count = 1, number_of_calls_which_dont_need_sound_device = 1, number_of_calls_which_need_sound_device = 0, conf_connect_count = 0, snd_idle_timer::id = 0,
01-29 10:53:58.625 17988-17988 D/AGEphone Cloud Service: CallStatus CallStatus#update() overallCallState = OVERALL_CALL_STATE_IDLE, totalBusyCallCount = 0, busyCallCountWithoutFilteredCalls = 0, nextCallIdInSequence = -1
01-29 10:53:58.625 17988-18044 V/AGEphone Cloud Service: [TID]512990694576 [TNAME]"CommandConsumerThread"            agsua_aud.c  ..check_snd_dev_idle() Sound device is IDLE. Will CLOSE the sound device.
01-29 10:53:58.625 17988-17988 D/AGEphone Cloud Service: SipService onConferenceUpdate()
01-29 10:53:58.625 17988-18044 V/AGEphone Cloud Service: [TID]512990694576 [TNAME]"CommandConsumerThread" [CONF_CONNECT] AudioStreamManager::ConfDisconnect() source port 1 now has 0 listeners.
01-29 10:53:58.625 17988-18044 V/AGEphone Cloud Service: [TID]512990694576 [TNAME]"CommandConsumerThread" CallManager::FindCallIdByConfPortId() No call has conf_lot with port_id 1
01-29 10:53:58.625 17988-18044 W/AGEphone Cloud Service: [TID]512990694576 [TNAME]"CommandConsumerThread" CallManager::IsValidCallId() Call ID -1 is not inside valid range for SIP calls. (Probably not a SIP call)
01-29 10:53:58.625 17988-18044 V/AGEphone Cloud Service: [TID]512990694576 [TNAME]"CommandConsumerThread" AudioStreamManager::DecreaseNullPortReferenceCount() NULL port reference count was decreased from 1 to 0.
01-29 10:53:58.625 17988-18044 V/AGEphone Cloud Service: [TID]512990694576 [TNAME]"CommandConsumerThread" CallManager::AdjustTcpTlsKeepAliveInterval() There is no ongoing call. Adjusting TCP/TLS keep alive to 60/60 seconds (IDLE interval)
01-29 10:53:58.625 17988-18044 V/AGEphone Cloud Service: [TID]512990694576 [TNAME]"CommandConsumerThread" SipEnginePlugin::SetTcpTlsKeepAliveInterval() tcp_keep_alive_interval = 60, tls_keep_alive_interval = 60
01-29 10:53:58.626 17988-18044 V/AGEphone Cloud Service: [TID]512990694576 [TNAME]"CommandConsumerThread"               endpoint  ..Request msg BYE/cseq=15015 (tdta0xb4000079782565cc) created.
01-29 10:53:58.626 17988-18044 V/AGEphone Cloud Service: [TID]512990694576 [TNAME]"CommandConsumerThread"  inv0xb40000793824042c  ..Sending Request msg BYE/cseq=15015 (tdta0xb4000079782565cc)
01-29 10:53:58.626 17988-17988 D/AGEphone Cloud Service: NotificationManager [MESSAGING] handleEvent()
       eventType = EVENT_ON_CONFERENCE_UPDATE
       eventGroup = CALL_SPECIFIC
       eventCategory = SIP_NOTIFICATION
       Bundle = Bundle[{IDENTIFIER_CALL_STATUS=com.ageet.AGEphone.Activity.SipStatus.CallStatus@5f7ebd5, conferenceId=100, eventType=EVENT_ON_CONFERENCE_UPDATE}]
01-29 10:53:58.626 17988-18044 V/AGEphone Cloud Service: [TID]512990694576 [TNAME]"CommandConsumerThread"  dlg0xb40000793824042c  ...Sending Request msg BYE/cseq=15015 (tdta0xb4000079782565cc)
01-29 10:53:58.626 17988-18044 V/AGEphone Cloud Service: [TID]512990694576 [TNAME]"CommandConsumerThread"  tsx0xb400007938241cbc  ....Transaction created for Request msg BYE/cseq=15015 (tdta0xb4000079782565cc)
01-29 10:53:58.626 17988-18044 V/AGEphone Cloud Service: [TID]512990694576 [TNAME]"CommandConsumerThread"  tsx0xb400007938241cbc  ...Sending Request msg BYE/cseq=15015 (tdta0xb4000079782565cc) in state Null
01-29 10:53:58.626 17988-18044 V/AGEphone Cloud Service: [TID]512990694576 [TNAME]"CommandConsumerThread"          sip_resolve.c  ....DNS resolver not available, target '0st1nf.ddns.sdework.com:35061' type=TLS will be resolved with getaddrinfo()
01-29 10:53:58.627 17988-17988 D/AGEphone Cloud Service: CallStatus CallStatus#update() overallCallState = OVERALL_CALL_STATE_IDLE, totalBusyCallCount = 0, busyCallCountWithoutFilteredCalls = 0, nextCallIdInSequence = -1
01-29 10:53:58.627 17988-17988 I/AGEphone Cloud Service: SipServiceBroadcastReceiver [INTERACTION ENTRY] Intent received: com.ageet.agephonecloud.COMMAND_SIP_MANAGER_SOUND_SET_ACTIVE_CALL_FOR_SOUND
01-29 10:53:58.627 17988-17988 D/AGEphone Cloud Service: SipService receiveIntent action: com.ageet.agephonecloud.COMMAND_SIP_MANAGER_SOUND_SET_ACTIVE_CALL_FOR_SOUND
01-29 10:53:58.628 17988-17988 I/AGEphone Cloud Service: [TID]529661531384 [TNAME]"ApplicationThread" SipManager::SoundSetActiveCallForSound() Call ID: -1
01-29 10:53:58.628 17988-17988 D/AGEphone Cloud Service: SipServiceBroadcastReceiver [INTERACTION EXIT] 
01-29 10:53:58.630 17988-17988 D/AGEphone Cloud Service: ProximitySensorForCall [PROXIMITY] Received service event(eventType = EVENT_ON_CALL_DISCONNECTED)
01-29 10:53:58.631 17988-17988 D/AGEphone Cloud Service: ProximitySensorForCall [PROXIMITY] disable() Releasing Wakelock for Proximity...
01-29 10:53:58.624 17550-17550 D/AGEphone Cloud Activity: DialView [HOLD] setHoldButtonEnabledState(true)
01-29 10:53:58.624 17550-17550 D/AGEphone Cloud Activity: ScreenlockManager isScreenLockedInstance() isCustomLockActive = false
01-29 10:53:58.626 17550-17550 D/AGEphone Cloud Activity: ScreenlockManager [SCREEN_LOCK] checkScreenLockInstance() inKeyguardRestrictedInputMode = false, CallState = OVERALL_CALL_STATE_IDLE
01-29 10:53:58.626 17550-17550 W/AGEphone Cloud Activity: FragmentSettings unlockSettings() use SettingsViewMock
01-29 10:53:58.626 17550-17550 I/AGEphone Cloud Activity: InCallScreen Call environment stopped, closing in call screen
01-29 10:53:58.626 17550-17550 D/AGEphone Cloud Activity: DialView Dialed number changed: 
01-29 10:53:58.627 17550-17550 D/AGEphone Cloud Activity: CustomizedMainActivity Dialed number input changed: 
01-29 10:53:58.627 17550-17550 D/AGEphone Cloud Activity: CustomizedMainActivity Applying contact lookup result
01-29 10:53:58.627 17550-17550 D/AGEphone Cloud Activity: CustomizedMainActivity no input
01-29 10:53:58.627 17550-17550 D/AGEphone Cloud Activity: CustomizedMainActivity Updated status text: 電話番号を入力してください
01-29 10:53:58.628 17550-17550 D/AGEphone Cloud Activity: ActivityBroadcastReceiver [INTERACTION CODE_EXIT] 
01-29 10:53:58.630 17550-17550 D/AGEphone Cloud Activity: InCallScreen Conversation name update received (15)
01-29 10:53:58.630 17550-17550 D/AGEphone Cloud Activity: InCallScreen Skipping conversation name update as not active anymore
01-29 10:53:58.630 17550-17550 D/AGEphone Cloud Activity: InCallBaseFragment finishAffinity()
01-29 10:53:58.636 17988-18044 V/AGEphone Cloud Service: [TID]512990694576 [TNAME]"CommandConsumerThread"          sip_resolve.c  ....Target '0st1nf.ddns.sdework.com:35061' type=TLS resolved to '123.226.26.42:35061' type=TLS (TLS transport)
01-29 10:53:58.636 17988-18044 I/AGEphone Cloud Service: [TID]512990694576 [TNAME]"CommandConsumerThread" SipModule::OnTxRequest() Will proccess outgoing "BYE" method
01-29 10:53:58.637 17988-18044 W/AGEphone Cloud Service: [TID]512990694576 [TNAME]"CommandConsumerThread" SipModule::GetAssociatedAccountUserDataByFromHeaderUri() Could not find account sip:35@192.168.0.240 in id map
01-29 10:53:58.637 17988-18044 D/AGEphone Cloud Service: [TID]512990694576 [TNAME]"CommandConsumerThread" SipModule::OnTxRequest() Could not retrieve associated account settings by SIP From-Header URI. Will try SIP Call-ID...
01-29 10:53:58.637 17988-18044 W/AGEphone Cloud Service: [TID]512990694576 [TNAME]"CommandConsumerThread" SipModule::GetAssociatedAccountUserDataBySipCallId() Could not find sip call id 0mwqGzBlalR7Ib0c0W028PD8h65dr81g--_6b8b45c3 in id map
01-29 10:53:58.637 17988-18044 W/AGEphone Cloud Service: [TID]512990694576 [TNAME]"CommandConsumerThread" SipModule::OnTxRequest() Could not retrieve associated account settings by SIP Call-ID. Using default settings (Status Code: 70006, Status Message: Not found (AG_ENOTFOUND))
01-29 10:53:58.637 17988-18044 W/AGEphone Cloud Service: [TID]512990694576 [TNAME]"CommandConsumerThread" SipModule::GetAssociatedCallUserDataBySipCallId() Could not find sip call id 0mwqGzBlalR7Ib0c0W028PD8h65dr81g--_6b8b45c3 in id map (Status Code: 70006, Status Message: Not found (AG_ENOTFOUND))
01-29 10:53:58.637 17988-18044 D/AGEphone Cloud Service: [TID]512990694576 [TNAME]"CommandConsumerThread" SipModule::OnTxRequest() Could not retrieve associated call user data by SIP Call-ID.
01-29 10:53:58.637 17988-18044 D/AGEphone Cloud Service: [TID]512990694576 [TNAME]"CommandConsumerThread"           agsua_core.c  ....TX 434 bytes Request msg BYE/cseq=15015 (tdta0xb4000079782565cc) to TLS 123.226.26.42:35061:
    BYE sips:0st1nf.ddns.sdework.com:35061;transport=tls SIP/2.0
    Via: SIP/2.0/TLS 10.126.88.65:38255;branch=z9hG4bKPja59cc3d5-8e21-49e8-a07e-6ea3e9eb90af;alias
    Max-Forwards: 70
    From: <sip:35@192.168.0.240>;tag=cbc5f722-e60e-43b5-99de-9f7a2c6e7cd4
    To: <sip:15@192.168.0.10>;tag=d553d1ad
    Call-ID: 0mwqGzBlalR7Ib0c0W028PD8h65dr81g--_6b8b45c3
    CSeq: 15015 BYE
    User-Agent: AGEphoneCloud/1.5.0 (Android 13; A202SO)
    Content-Length:  0
    
    
    --end msg--
01-29 10:53:58.637 17988-18044 D/AGEphone Cloud Service: [TID]512990694576 [TNAME]"CommandConsumerThread" tlsc0xb4000079882b062c  ....[TRANSPORT] tls_send_msg() Sending tx_data (Request msg BYE/cseq=15015 (tdta0xb4000079782565cc)) (transport info: has_pending_connect = 0, is_closing = 0, is_registered = 1, is_server = 0, is_shutdown = 0, is_destroying = 0)...
01-29 10:53:58.638 17988-18044 D/AGEphone Cloud Service: [TID]512990694576 [TNAME]"CommandConsumerThread" tlsc0xb4000079882b062c  ....[TRANSPORT] tls_send_msg() tx_data (Request msg BYE/cseq=15015 (tdta0xb4000079782565cc)) was sent (size = 434).
01-29 10:53:58.638 17988-18044 V/AGEphone Cloud Service: [TID]512990694576 [TNAME]"CommandConsumerThread"  tsx0xb400007938241cbc  ....State changed from Null to Calling, event=TX_MSG
01-29 10:53:58.638 17988-18044 V/AGEphone Cloud Service: [TID]512990694576 [TNAME]"CommandConsumerThread"  dlg0xb40000793824042c  .....Transaction tsx0xb400007938241cbc state changed to Calling
01-29 10:53:58.638 17988-18044 D/AGEphone Cloud Service: [TID]512990694576 [TNAME]"CommandConsumerThread"              sip_inv.c  ......inv_on_state_confirmed() status_code = 0, prev_state = 0
01-29 10:53:58.638 17988-18044 V/AGEphone Cloud Service: [TID]512990694576 [TNAME]"CommandConsumerThread" CallManager::Hangup() Call 0 is an incoming call. Will raise hangup flag.
01-29 10:53:58.638 17988-18044 V/AGEphone Cloud Service: [TID]512990694576 [TNAME]"CommandConsumerThread" CallManager::Hangup() Raising hangup flag for call 0...
01-29 10:53:58.638 17988-18044 V/AGEphone Cloud Service: [TID]512990694576 [TNAME]"CommandConsumerThread" CallManager::Hangup() Reconnecting audio streams for affected conference 100 ...
01-29 10:53:58.638 17988-18044 V/AGEphone Cloud Service: [TID]512990694576 [TNAME]"CommandConsumerThread" AudioStreamManager::ReconnectAudioStreamsAndLocalAudioForConference() conference_id = 100
01-29 10:53:58.639 17988-18044 V/AGEphone Cloud Service: [TID]512990694576 [TNAME]"CommandConsumerThread" AudioStreamManager::DisconnectAudioStreamsAndLocalAudioForConference() conference_id = 100
01-29 10:53:58.639 17988-18044 V/AGEphone Cloud Service: [TID]512990694576 [TNAME]"CommandConsumerThread" AudioStreamManager::DisconnectConferenceFromLocalAudio() conference_id = 100, audio_direction = BOTH
01-29 10:53:58.639 17988-18044 W/AGEphone Cloud Service: [TID]512990694576 [TNAME]"CommandConsumerThread" CallManager::GetCallUserDataByCallId() No CallUserData for call 0. (Status Code: 70004, Status Message: Invalid value or argument (AG_EINVAL))
01-29 10:53:58.639 17988-18044 W/AGEphone Cloud Service: [TID]512990694576 [TNAME]"CommandConsumerThread" ConferenceManager::GetCallsInConference() Could not retrieve call user data (Status Code: 0, Status Message: Success)
01-29 10:53:58.639 17988-18044 V/AGEphone Cloud Service: [TID]512990694576 [TNAME]"CommandConsumerThread" AudioStreamManager::DisconnectLocalAudioForCallList() Disconnecting local audio streams for calls {}, audio_direction = BOTH
01-29 10:53:58.639 17988-18044 V/AGEphone Cloud Service: [TID]512990694576 [TNAME]"CommandConsumerThread" AudioStreamManager::DisconnectAudioStreamsForConference() conference_id = 100
01-29 10:53:58.639 17988-18044 W/AGEphone Cloud Service: [TID]512990694576 [TNAME]"CommandConsumerThread" CallManager::GetCallUserDataByCallId() No CallUserData for call 0. (Status Code: 70004, Status Message: Invalid value or argument (AG_EINVAL))
01-29 10:53:58.639 17988-18044 W/AGEphone Cloud Service: [TID]512990694576 [TNAME]"CommandConsumerThread" ConferenceManager::GetCallsInConference() Could not retrieve call user data (Status Code: 0, Status Message: Success)
01-29 10:53:58.639 17988-18044 V/AGEphone Cloud Service: [TID]512990694576 [TNAME]"CommandConsumerThread" AudioStreamManager::DisconnectAudioStreamsForCallList() Disconnecting audio streams for calls {}
01-29 10:53:58.640 17988-18044 V/AGEphone Cloud Service: [TID]512990694576 [TNAME]"CommandConsumerThread" AudioStreamManager::ConnectAudioStreamsAndLocalAudioForConference() conference_id = 100
01-29 10:53:58.640 17988-18044 W/AGEphone Cloud Service: [TID]512990694576 [TNAME]"CommandConsumerThread" [CONFERENCE_USER_DATA] ConferenceManager::GetConferenceUserDataByConferenceId() The ConferenceUserData for this conference was already removed. (Status Code: 70006, Status Message: Not found (AG_ENOTFOUND))
01-29 10:53:58.640 17988-18044 I/AGEphone Cloud Service: [TID]512990694576 [TNAME]"CommandConsumerThread" CommandConsumerThread::CallHangup() Processing CommandResult: command = CallHangup, result = {code = 0, reason = Success}
01-29 10:53:58.640 17988-18044 I/AGEphone Cloud Service: [TID]512990694576 [TNAME]"CommandConsumerThread" CommandConsumerThread::SoundSetActiveCallForSound() Processing Command: command = SoundSetActiveCallForSound, arguments = {call_id = -1}
01-29 10:53:58.640 17988-18044 I/AGEphone Cloud Service: [TID]512990694576 [TNAME]"CommandConsumerThread" SoundManagerHandler::ScheduleSetActiveCallForSoundOnWorkerThread() Will set active call for sound to -1 NOW...
01-29 10:53:58.640 17988-18044 D/AGEphone Cloud Service: [TID]512990694576 [TNAME]"CommandConsumerThread" SoundManager::ExecuteSetActiveCallIdAndPlayAppropriateStateSounds() Active call id was set to -1. Will try to play state sound for call -1.
01-29 10:53:58.640 17988-18044 W/AGEphone Cloud Service: [TID]512990694576 [TNAME]"CommandConsumerThread" CallManager::IsValidCallId() Call ID -1 is not inside valid range for SIP calls. (Probably not a SIP call)
01-29 10:53:58.640 17988-18044 V/AGEphone Cloud Service: [TID]512990694576 [TNAME]"CommandConsumerThread" SipCallSource::GetCallSoundInfo() The call ID -1 is not a SIP call id. (Probably not a SIP call)
01-29 10:53:58.640 17988-18044 V/AGEphone Cloud Service: [TID]512990694576 [TNAME]"CommandConsumerThread" CallSourceAccumulator::GetCallSoundInfo() CallSource "SipCallSource" did not find call -1, trying next CallSource...
01-29 10:53:58.640 17988-18044 W/AGEphone Cloud Service: [TID]512990694576 [TNAME]"CommandConsumerThread" CallSourceAccumulator::GetCallSoundInfo() Found not CallSoundInfo for call -1 in any CallSource!
01-29 10:53:58.641 17988-18043 V/AGEphone Cloud Service: [TID]513086319792 [TNAME]"EventConsumerThread" [CALL_STATUS] EventConsumerThread::OnCommandCallHangupResult() Listener 0x777243d438 will process OnCallHangupResult...
01-29 10:53:58.641 17988-18044 W/AGEphone Cloud Service: [TID]512990694576 [TNAME]"CommandConsumerThread" SoundManager::PlayStateSoundForCallId() Could not get call info for call -1. Call is most likely hung up by now. (Status Code: 70004, Status Message: Invalid value or argument (AG_EINVAL))
01-29 10:53:58.641 17988-18044 I/AGEphone Cloud Service: [TID]512990694576 [TNAME]"CommandConsumerThread" SoundManager::PlayStateSoundForCallId() Call -1 is the active call. Will stop sound effects and ringtone.
01-29 10:53:58.641 17988-18043 I/AGEphone Cloud Service: [TID]513086319792 [TNAME]"EventConsumerThread" SipInterface::OnCallHangupResult() call_id = 0, status_code = 0
01-29 10:53:58.641 17988-18044 I/AGEphone Cloud Service: NativeSoundListener [INTERACTION ENTRY] hasCapability(RINGTONE, )
01-29 10:53:58.641 17988-18044 D/AGEphone Cloud Service: NativeSoundListener [INTERACTION EXIT] 
01-29 10:53:58.641 17988-18044 V/AGEphone Cloud Service: [TID]512990694576 [TNAME]"CommandConsumerThread" SoundManager::StopRingTone() Stopping RingTone via sound listener...
01-29 10:53:58.641 17988-18044 I/AGEphone Cloud Service: NativeSoundListener [INTERACTION ENTRY] onStopRingTone()
01-29 10:53:58.641 17988-18043 I/AGEphone Cloud Service: NativeInterface [INTERACTION ENTRY] Call hangup result: callId: 0, message: Success
01-29 10:53:58.641 17988-18044 I/AGEphone Cloud Service: RingTonePlayer stop()
01-29 10:53:58.641 17988-18044 D/AGEphone Cloud Service: NativeSoundListener [INTERACTION EXIT] 
01-29 10:53:58.641 17988-17988 I/AGEphone Cloud Service: RingTonePlayer stopInternal()
01-29 10:53:58.641 17988-18044 V/AGEphone Cloud Service: [TID]512990694576 [TNAME]"CommandConsumerThread" SoundManager::StopAllSoundsOnActiveCallChannel() Stopping all sound on the active call channel...
01-29 10:53:58.641 17988-18044 V/AGEphone Cloud Service: [TID]512990694576 [TNAME]"CommandConsumerThread" SoundChannel::StopAllSoundEffects() Stopping all sound effects for channel "Active Call Channel" (rewind = 0)
01-29 10:53:58.641 17988-18043 I/AGEphone Cloud Service: NativeInterface onCallHangupResult: reference_identifier , call_id: 0, result Success
01-29 10:53:58.641 17988-18044 V/AGEphone Cloud Service: [TID]512990694576 [TNAME]"CommandConsumerThread" CallStatus::Initialize() youngest_preferred_call = -1, youngest_ringing_call = -1, youngest_call_on_answering_machine = -1, next_call = -1, next_conference = -1
01-29 10:53:58.642 17988-18043 D/AGEphone Cloud Service: ServiceLibraryEventHandler Received native event
01-29 10:53:58.642 17988-18044 V/AGEphone Cloud Service: [TID]512990694576 [TNAME]"CommandConsumerThread" CallStatus::LoadFromSipEngine() enumerated 1 calls
01-29 10:53:58.642 17988-18043 D/AGEphone Cloud Service: NativeInterface [INTERACTION EXIT] 
01-29 10:53:58.642 17988-18043 V/AGEphone Cloud Service: [TID]513086319792 [TNAME]"EventConsumerThread" [CALL_STATUS] EventConsumerThread::OnCommandCallHangupResult() Listener 0x777243d438 did process OnCallHangupResult.
01-29 10:53:58.642 17988-17988 D/AGEphone Cloud Service: SipService [MESSAGING] handleEventByInstance()
       eventType = EVENT_CMD_ON_CALL_HANGUP_RESULT
       eventGroup = COMMAND_RESULTS
       eventCategory = SIP_COMMAND_CONFIRMATION
       Bundle = Bundle[{callId=0, referenceIdentifier=, statusMessage=Success, fullMessage=CommandConsumerThread::CallHangup() Success (Success), eventType=EVENT_CMD_ON_CALL_HANGUP_RESULT, statusCode=0, userMessage=Success (Success)}]
01-29 10:53:58.643 17988-17988 V/AGEphone Cloud Service: SipService [COMMAND_MONITORING] monitored command confirmation received (eventType: EVENT_CMD_ON_CALL_HANGUP_RESULT, commandType:COMMAND_SIP_MANAGER_CALL_HANGUP)
01-29 10:53:58.643 17988-18044 W/AGEphone Cloud Service: [TID]512990694576 [TNAME]"CommandConsumerThread" CallManager::GetCallUserDataByCallId() No CallUserData for call 0. (Status Code: 70004, Status Message: Invalid value or argument (AG_EINVAL))
01-29 10:53:58.643 17988-18044 W/AGEphone Cloud Service: [TID]512990694576 [TNAME]"CommandConsumerThread" CallInfo::Init() Could not retrieve CallUserData for call 0 (Status Code: 70004, Status Message: Invalid value or argument (AG_EINVAL))
01-29 10:53:58.643 17988-17988 D/AGEphone Cloud Service: NotificationManager [MESSAGING] handleEvent()
       eventType = EVENT_CMD_ON_CALL_HANGUP_RESULT
       eventGroup = COMMAND_RESULTS
       eventCategory = SIP_COMMAND_CONFIRMATION
       Bundle = Bundle[{callId=0, referenceIdentifier=, statusMessage=Success, fullMessage=CommandConsumerThread::CallHangup() Success (Success), eventType=EVENT_CMD_ON_CALL_HANGUP_RESULT, statusCode=0, userMessage=Success (Success)}]
01-29 10:53:58.643 17988-18044 W/AGEphone Cloud Service: [TID]512990694576 [TNAME]"CommandConsumerThread" CallStatus::LoadFromSipEngine() Error initializing call 0
01-29 10:53:58.643 17988-18044 V/AGEphone Cloud Service: [TID]512990694576 [TNAME]"CommandConsumerThread" CallStatus::Initialize() youngest_preferred_call = -1, youngest_ringing_call = -1, youngest_call_on_answering_machine = -1, next_call = -1, next_conference = -1
01-29 10:53:58.643 17988-18044 V/AGEphone Cloud Service: [TID]512990694576 [TNAME]"CommandConsumerThread" SoundManager::SpeakerRoutingLogic() Call count is 0, using idle_speaker_route (INTERNAL)...
01-29 10:53:58.643 17988-18044 I/AGEphone Cloud Service: NativeSoundListener [INTERACTION ENTRY] hasCapability(SPEAKER_ROUTE, )
01-29 10:53:58.643 17988-18044 D/AGEphone Cloud Service: NativeSoundListener [INTERACTION EXIT] 
01-29 10:53:58.644 17988-18044 W/AGEphone Cloud Service: [TID]512990694576 [TNAME]"CommandConsumerThread" SoundManager::SpeakerRoutingLogic() SoundListener does not have the capability to route speakers.
01-29 10:53:58.644 17988-18044 V/AGEphone Cloud Service: [TID]512990694576 [TNAME]"CommandConsumerThread" SoundManager::SpeakerRoutingLogic() Speaker route did not change.
01-29 10:53:58.644 17988-18044 W/AGEphone Cloud Service: [TID]512990694576 [TNAME]"CommandConsumerThread" SoundManager::ExecuteSetActiveCallIdAndPlayAppropriateStateSounds() Error playing state sound for call -1. All sounds and ringtone will be muted. (Status Code: 70004, Status Message: Invalid value or argument (AG_EINVAL))
01-29 10:53:58.644 17988-18044 I/AGEphone Cloud Service: NativeSoundListener [INTERACTION ENTRY] hasCapability(RINGTONE, )
01-29 10:53:58.644 17988-18044 D/AGEphone Cloud Service: NativeSoundListener [INTERACTION EXIT] 
01-29 10:53:58.644 17988-18044 V/AGEphone Cloud Service: [TID]512990694576 [TNAME]"CommandConsumerThread" SoundManager::StopRingTone() Stopping RingTone via sound listener...
01-29 10:53:58.644 17988-18044 I/AGEphone Cloud Service: NativeSoundListener [INTERACTION ENTRY] onStopRingTone()
01-29 10:53:58.644 17988-18044 I/AGEphone Cloud Service: RingTonePlayer stop()
01-29 10:53:58.644 17988-18044 D/AGEphone Cloud Service: NativeSoundListener [INTERACTION EXIT] 
01-29 10:53:58.644 17988-18044 V/AGEphone Cloud Service: [TID]512990694576 [TNAME]"CommandConsumerThread" SoundManager::StopAllSoundsOnActiveCallChannel() Stopping all sound on the active call channel...
01-29 10:53:58.644 17988-18044 V/AGEphone Cloud Service: [TID]512990694576 [TNAME]"CommandConsumerThread" SoundChannel::StopAllSoundEffects() Stopping all sound effects for channel "Active Call Channel" (rewind = 0)
01-29 10:53:58.644 17988-18044 V/AGEphone Cloud Service: [TID]512990694576 [TNAME]"CommandConsumerThread" CallStatus::Initialize() youngest_preferred_call = -1, youngest_ringing_call = -1, youngest_call_on_answering_machine = -1, next_call = -1, next_conference = -1
01-29 10:53:58.644 17988-18044 V/AGEphone Cloud Service: [TID]512990694576 [TNAME]"CommandConsumerThread" CallStatus::LoadFromSipEngine() enumerated 1 calls
01-29 10:53:58.644 17988-18044 W/AGEphone Cloud Service: [TID]512990694576 [TNAME]"CommandConsumerThread" CallManager::GetCallUserDataByCallId() No CallUserData for call 0. (Status Code: 70004, Status Message: Invalid value or argument (AG_EINVAL))
01-29 10:53:58.644 17988-18044 W/AGEphone Cloud Service: [TID]512990694576 [TNAME]"CommandConsumerThread" CallInfo::Init() Could not retrieve CallUserData for call 0 (Status Code: 70004, Status Message: Invalid value or argument (AG_EINVAL))
01-29 10:53:58.644 17988-18044 W/AGEphone Cloud Service: [TID]512990694576 [TNAME]"CommandConsumerThread" CallStatus::LoadFromSipEngine() Error initializing call 0
01-29 10:53:58.644 17988-17988 I/AGEphone Cloud Service: RingTonePlayer stopInternal()
01-29 10:53:58.645 17988-18044 V/AGEphone Cloud Service: [TID]512990694576 [TNAME]"CommandConsumerThread" CallStatus::Initialize() youngest_preferred_call = -1, youngest_ringing_call = -1, youngest_call_on_answering_machine = -1, next_call = -1, next_conference = -1
01-29 10:53:58.645 17988-18044 V/AGEphone Cloud Service: [TID]512990694576 [TNAME]"CommandConsumerThread" SoundManager::SpeakerRoutingLogic() Call count is 0, using idle_speaker_route (INTERNAL)...
01-29 10:53:58.645 17988-18044 I/AGEphone Cloud Service: NativeSoundListener [INTERACTION ENTRY] hasCapability(SPEAKER_ROUTE, )
01-29 10:53:58.645 17988-18044 D/AGEphone Cloud Service: NativeSoundListener [INTERACTION EXIT] 
01-29 10:53:58.645 17988-18044 W/AGEphone Cloud Service: [TID]512990694576 [TNAME]"CommandConsumerThread" SoundManager::SpeakerRoutingLogic() SoundListener does not have the capability to route speakers.
01-29 10:53:58.645 17988-18044 V/AGEphone Cloud Service: [TID]512990694576 [TNAME]"CommandConsumerThread" SoundManager::SpeakerRoutingLogic() Speaker route did not change.
01-29 10:53:58.645 17988-18044 E/AGEphone Cloud Service: [TID]512990694576 [TNAME]"CommandConsumerThread" SoundManagerHandler::ScheduleSetActiveCallForSoundOnWorkerThread() Could not set active call for sound. (Status Code: 70004, Status Message: Invalid value or argument (AG_EINVAL))
01-29 10:53:58.645 17988-18044 W/AGEphone Cloud Service: [TID]512990694576 [TNAME]"CommandConsumerThread" SoundManager::SetActiveCallIdAndPlayAppropriateStateSounds() Could not ScheduleSetActiveCallForSoundOnWorkerThread (Status Code: 70004, Status Message: Invalid value or argument (AG_EINVAL))
01-29 10:53:58.645 17988-18044 E/AGEphone Cloud Service: [TID]512990694576 [TNAME]"CommandConsumerThread" CommandConsumerThread::SoundSetActiveCallForSound() Could not schedule SetActiveCallIdAndPlayAppropriateStateSounds() (Status Code: 70004, Status Message: Invalid value or argument (AG_EINVAL))
01-29 10:53:58.645 17988-18044 D/AGEphone Cloud Service: [TID]512990694576 [TNAME]"CommandConsumerThread"            agsua_aud.c  Closing sound device after idle for 0 second(s)
01-29 10:53:58.645 17988-18044 D/AGEphone Cloud Service: [TID]512990694576 [TNAME]"CommandConsumerThread" SoundManager::OnSoundDeviceOperation() operation = CLOSE, switching_to_null_device = 0, switching_to_sound_device = 0
01-29 10:53:58.645 17988-18044 V/AGEphone Cloud Service: [TID]512990694576 [TNAME]"CommandConsumerThread" NativeSoundListener::OnSoundDeviceOperation() WILL notify AudioStreamListener about sound device operation CLOSE
01-29 10:53:58.645 17988-18043 V/AGEphone Cloud Service: [TID]513086319792 [TNAME]"EventConsumerThread" [CALL_STATUS] EventConsumerThread::OnCommandSoundSetActiveCallForSoundResult() Listener 0x777243d438 will process OnSoundSetActiveCallForSoundResult...
01-29 10:53:58.645 17988-18044 V/AGEphone Cloud Service: [TID]512990694576 [TNAME]"CommandConsumerThread" NativeSoundListener::OnSoundDeviceOperation() Invoking AudioStreamListener's OnAudioStreamDestroy()...
01-29 10:53:58.646 17988-18043 V/AGEphone Cloud Service: [TID]513086319792 [TNAME]"EventConsumerThread" [CALL_STATUS] EventConsumerThread::OnCommandSoundSetActiveCallForSoundResult() Listener 0x777243d438 did process OnSoundSetActiveCallForSoundResult.
01-29 10:53:58.646 17988-18044 I/AGEphone Cloud Service: NativeAudioStreamListener [INTERACTION ENTRY] onAudioStreamDestroy()
01-29 10:53:58.646 17988-18044 I/AGEphone Cloud Service: ServiceAudioManager onAudioStreamDestroy() [AUDIO_MONITORING] Tearing down call environment... audioMode is MODE_IN_COMMUNICATION (3)
01-29 10:53:58.647 17988-18044 I/AGEphone Cloud Service: ServiceAudioManager onAudioStreamDestroy() [AUDIO_MONITORING] Resetting AudioManagerMode and SpeakerRoute...
01-29 10:53:58.647 17988-18044 V/AGEphone Cloud Service: ServiceAudioManager onChangeSpeakerRoute() Setting SpeakerRoute to INTERNAL, force = false
01-29 10:53:58.648 17988-18044 I/AGEphone Cloud Service: ServiceAudioManager resetAudioManagerMode() [AUDIO_MONITORING] Resetting AudioManagerMode to MODE_NORMAL...
01-29 10:53:58.648 17988-18044 I/AGEphone Cloud Service: ServiceAudioManager [AUDIO_MONITORING]  setAudioMode() Setting audio mode to MODE_NORMAL (0). Audio mode before settings is MODE_IN_COMMUNICATION (3) ...
01-29 10:53:58.649 17988-18044 I/AGEphone Cloud Service: ServiceAudioManager [AUDIO_MONITORING]  setAudioMode() Audio mode after setting is MODE_NORMAL (0)
01-29 10:53:58.649 17988-18044 I/AGEphone Cloud Service: ServiceAudioManager resetMicrophone() [AUDIO_MONITORING] Resetting the microphone...
01-29 10:53:58.649 17988-17988 D/AGEphone Cloud Service: BluetoothHeadsetHelper [BLUETOOTH] setEnabledBluetoothSco(false)
01-29 10:53:58.650 17988-17988 D/AGEphone Cloud Service: ProximitySensorForCall [PROXIMITY] Received service event(eventType = EVENT_SOUND_SPEAKER_ROUTING_CHANGED)
01-29 10:53:58.657 17550-17550 I/AGEphone Cloud Activity: ActivityBroadcastReceiver [INTERACTION CODE_ENTRY] Received service event (EVENT_ON_CONFERENCE_UPDATE)
01-29 10:53:58.657 17550-17550 D/AGEphone Cloud Activity: BasicFunctionalityLocker [FUNCTIONALITY_LOCKER] "ReconnectAccount" handleServiceEvent(EVENT_ON_CONFERENCE_UPDATE)
01-29 10:53:58.657 17550-17550 D/AGEphone Cloud Activity: ActivityBroadcastReceiver [MESSAGING] handleServiceEventIntent()
       eventType = EVENT_ON_CONFERENCE_UPDATE
       eventGroup = CALL_SPECIFIC
       eventCategory = SIP_NOTIFICATION
       Bundle = Bundle[{IDENTIFIER_CALL_STATUS=Supplier{VAL_SERIALIZABLE@56+716}, conferenceId=100, eventType=EVENT_ON_CONFERENCE_UPDATE}]
01-29 10:53:58.657 17550-17550 D/AGEphone Cloud Activity: CallStatus CallStatus#update() overallCallState = OVERALL_CALL_STATE_IDLE, totalBusyCallCount = 0, busyCallCountWithoutFilteredCalls = 0, nextCallIdInSequence = -1
01-29 10:53:58.657 17550-17550 I/AGEphone Cloud Activity: ActivityBroadcastReceiver Activity: onConferenceUpdate()
01-29 10:53:58.658 17550-17550 V/AGEphone Cloud Activity: ErrorManager error procedure: LOG_OUTPUT
01-29 10:53:58.658 17550-17550 E/AGEphone Cloud Activity: ConversationManager Could not match conferenceId to conversation
01-29 10:53:58.658 17550-17550 I/AGEphone Cloud Activity: ActivityBroadcastReceiver Activity: onConferenceUpdate: conferenceId: 100
01-29 10:53:58.658 17550-17550 D/AGEphone Cloud Activity: ActivityBroadcastReceiver [INTERACTION CODE_EXIT] 
01-29 10:53:58.658 17550-17550 D/AGEphone Cloud Activity: ApplicationBase Current activity got inactive
01-29 10:53:58.658 17550-17550 D/AGEphone Cloud Activity: ApplicationBase [LIFECYCLE] onActivityPaused (com.ageet.agephonecloud.call.InCallActivity@4682166)
01-29 10:53:58.673 17550-17550 I/AGEphone Cloud Activity: ActivityBroadcastReceiver [INTERACTION CODE_ENTRY] Received service event (EVENT_SOUND_SPEAKER_ROUTING_CHANGED)
01-29 10:53:58.674 17550-17550 D/AGEphone Cloud Activity: BasicFunctionalityLocker [FUNCTIONALITY_LOCKER] "ReconnectAccount" handleServiceEvent(EVENT_SOUND_SPEAKER_ROUTING_CHANGED)
01-29 10:53:58.674 17550-17550 D/AGEphone Cloud Activity: ActivityBroadcastReceiver [MESSAGING] handleServiceEventIntent()
       eventType = EVENT_SOUND_SPEAKER_ROUTING_CHANGED
       eventGroup = OTHER
       eventCategory = null
       Bundle = Bundle[{eventType=EVENT_SOUND_SPEAKER_ROUTING_CHANGED}]
01-29 10:53:58.674 17550-17550 D/AGEphone Cloud Activity: ActivityBroadcastReceiver [INTERACTION CODE_EXIT] 
01-29 10:53:58.674 17550-17550 I/AGEphone Cloud Activity: ActivityBroadcastReceiver [INTERACTION CODE_ENTRY] Received service event (EVENT_CMD_ON_CALL_HANGUP_RESULT)
01-29 10:53:58.674 17550-17550 D/AGEphone Cloud Activity: BasicFunctionalityLocker [FUNCTIONALITY_LOCKER] "ReconnectAccount" handleServiceEvent(EVENT_CMD_ON_CALL_HANGUP_RESULT)
01-29 10:53:58.674 17550-17550 D/AGEphone Cloud Activity: ActivityBroadcastReceiver [MESSAGING] handleServiceEventIntent()
       eventType = EVENT_CMD_ON_CALL_HANGUP_RESULT
       eventGroup = COMMAND_RESULTS
       eventCategory = SIP_COMMAND_CONFIRMATION
       Bundle = Bundle[{callId=0, referenceIdentifier=, statusMessage=Success, fullMessage=CommandConsumerThread::CallHangup() Success (Success), eventType=EVENT_CMD_ON_CALL_HANGUP_RESULT, statusCode=0, userMessage=Success (Success)}]
01-29 10:53:58.674 17550-17550 I/AGEphone Cloud Activity: ActivityBroadcastReceiver Activity: onCallHangupResult: callId: 0, result: 0
01-29 10:53:58.674 17550-17550 D/AGEphone Cloud Activity: ActivityBroadcastReceiver [INTERACTION CODE_EXIT] 
01-29 10:53:58.675 17550-17550 I/AGEphone Cloud Activity: MainActivity [INTERACTION OS_ENTRY] Activity starts
01-29 10:53:58.675 17550-17550 I/AGEphone Cloud Activity: MainActivity [LIFECYCLE] onStart() Intent.action() = 
01-29 10:53:58.675 17550-17550 D/AGEphone Cloud Activity: ApplicationBase [LIFECYCLE] onActivityStarted: 2 (com.ageet.agephonecloud.customization.CustomizedMainActivity@922a7a6)
01-29 10:53:58.675 17550-17550 D/AGEphone Cloud Activity: BaseFragment Dial onStart()
01-29 10:53:58.675 17550-17550 D/AGEphone Cloud Activity: MainActivity [INTERACTION OS_EXIT] 
01-29 10:53:58.676 17550-17550 I/AGEphone Cloud Activity: MainActivity [INTERACTION OS_ENTRY] Activity resumes
01-29 10:53:58.676 17550-17550 I/AGEphone Cloud Activity: MainActivity [LIFECYCLE] onResume()
01-29 10:53:58.676 17550-17550 D/AGEphone Cloud Activity: ApplicationBase [LIFECYCLE] onActivityResumed (com.ageet.agephonecloud.customization.CustomizedMainActivity@922a7a6)
01-29 10:53:58.676 17550-17550 D/AGEphone Cloud Activity: ApplicationBase New activity got active
01-29 10:53:58.676 17550-17550 D/AGEphone Cloud Activity: ScreenlockManager [SCREEN_LOCK] checkScreenLockInstance() inKeyguardRestrictedInputMode = false, CallState = OVERALL_CALL_STATE_IDLE
01-29 10:53:58.676 17550-17550 D/AGEphone Cloud Activity: MainActivity [INTERACTION OS_EXIT] 
01-29 10:53:58.677 17550-17550 I/AGEphone Cloud Activity: ProvisioningHelper [ACCOUNT_MANAGER] Checking for local account -> true
01-29 10:53:58.677 17550-17550 I/AGEphone Cloud Activity: ProvisioningHelper [ACCOUNT_MANAGER] Checking current account validity...
01-29 10:53:58.677 17550-17550 D/AGEphone Cloud Activity: ProvisioningHelper [ACCOUNT_MANAGER] Local account is still valid
01-29 10:53:58.677 17550-17550 I/AGEphone Cloud Activity: ProvisioningHelper [ACCOUNT_MANAGER] Checking current account validity...
01-29 10:53:58.677 17550-17550 D/AGEphone Cloud Activity: ProvisioningHelper [ACCOUNT_MANAGER] Local account is still valid
01-29 10:53:58.677 17550-17550 D/AGEphone Cloud Activity: InstalledAppsListener Checking PBC installation state
01-29 10:53:58.677 17550-17550 D/AGEphone Cloud Activity: InstalledAppsListener uses PBC contact source: false
01-29 10:53:58.677 17550-17550 D/AGEphone Cloud Activity: InstalledAppsListener is PBC installed: false
01-29 10:53:58.677 17550-17550 D/AGEphone Cloud Activity: InstalledAppsListener no change
01-29 10:53:58.677 17550-17550 D/AGEphone Cloud Activity: CustomizedMainActivity Disabling touch on activity resume from in call screen
01-29 10:53:58.678 17550-17550 D/AGEphone Cloud Activity: BaseFragment Dial onResume()
01-29 10:53:58.918 17988-18044 V/AGEphone Cloud Service: ServiceAudioManager abandonAudioFocus() Abandoning AudioFocus
01-29 10:53:58.952 17988-18044 I/AGEphone Cloud Service: ServiceAudioManager onAudioStreamDestroy() [AUDIO_MONITORING] Teared down call environment... audioMode is MODE_NORMAL (0)
01-29 10:53:58.952 17988-18044 D/AGEphone Cloud Service: NativeAudioStreamListener [INTERACTION EXIT] 
01-29 10:53:58.952 17988-18044 V/AGEphone Cloud Service: [TID]512990694576 [TNAME]"CommandConsumerThread" AudioStream::GetParameters() 
01-29 10:53:58.953 17988-18044 I/AGEphone Cloud Service: [TID]512990694576 [TNAME]"CommandConsumerThread" AudioDeviceFactory::AudioDeviceFactory::GetDeviceInfo() 
01-29 10:53:58.953 17988-18044 I/AGEphone Cloud Service: [TID]512990694576 [TNAME]"CommandConsumerThread" AudioDeviceFactory::GetDeviceInfo() ageetAndroidAudioDeviceFactory
01-29 10:53:58.953 17988-18044 I/AGEphone Cloud Service: [TID]512990694576 [TNAME]"CommandConsumerThread" AudioDeviceFactory::AudioDeviceFactory::GetDeviceInfo() 
01-29 10:53:58.953 17988-18044 I/AGEphone Cloud Service: [TID]512990694576 [TNAME]"CommandConsumerThread" AudioDeviceFactory::GetDeviceInfo() ageetAndroidAudioDeviceFactory
01-29 10:53:58.954 17988-18044 D/AGEphone Cloud Service: [TID]512990694576 [TNAME]"CommandConsumerThread"            agsua_aud.c  .Closing AndroidAudioDevice sound playback device and AndroidAudioDevice sound capture device
01-29 10:53:58.954 17988-18044 V/AGEphone Cloud Service: [TID]512990694576 [TNAME]"CommandConsumerThread" AudioStream::Stop() 
01-29 10:53:58.954 17988-18044 V/AGEphone Cloud Service: [TID]512990694576 [TNAME]"CommandConsumerThread" AudioStream::Stop() Stopping...
01-29 10:53:58.954 17988-18044 I/AGEphone Cloud Service: [TID]512990694576 [TNAME]"CommandConsumerThread" AudioStream::Stop() Stopping OpenSlAudioStream (0xb4000078f82dfd90) state = STARTED...
01-29 10:53:58.955 17988-18044 I/AGEphone Cloud Service: [TID]512990694576 [TNAME]"CommandConsumerThread" AudioStream::Stop() Stopping recorder thread for OpenSlAudioStream (0xb4000078f82dfd90)...
01-29 10:53:58.955 17988-18044 V/AGEphone Cloud Service: [TID]512990694576 [TNAME]"CommandConsumerThread" [OPEN_SL] OpenSlAudioStream::SlRecordStop() Recorder was started, stopping it by setting SL_RECORDSTATE_STOPPED...
01-29 10:53:58.965 17988-18309 W/AGEphone Cloud Service: [TID]515413884080 [TNAME]"OpenSlPlayerThread"           sound_port.c !play_cb() No port.
01-29 10:53:58.973 17988-18309 W/AGEphone Cloud Service: [TID]515413884080 [TNAME]"OpenSlPlayerThread"           sound_port.c  play_cb() No port.
01-29 10:53:58.985 17988-18309 W/AGEphone Cloud Service: [TID]515413884080 [TNAME]"OpenSlPlayerThread"           sound_port.c  play_cb() No port.
01-29 10:53:58.993 17988-18309 W/AGEphone Cloud Service: [TID]515413884080 [TNAME]"OpenSlPlayerThread"           sound_port.c  play_cb() No port.
01-29 10:53:59.005 17988-18309 W/AGEphone Cloud Service: [TID]515413884080 [TNAME]"OpenSlPlayerThread"           sound_port.c  play_cb() No port.
01-29 10:53:59.013 17988-18309 W/AGEphone Cloud Service: [TID]515413884080 [TNAME]"OpenSlPlayerThread"           sound_port.c  play_cb() No port.
01-29 10:53:59.025 17988-18309 W/AGEphone Cloud Service: [TID]515413884080 [TNAME]"OpenSlPlayerThread"           sound_port.c  play_cb() No port.
01-29 10:53:59.033 17988-18309 W/AGEphone Cloud Service: [TID]515413884080 [TNAME]"OpenSlPlayerThread"           sound_port.c  play_cb() No port.
01-29 10:53:59.045 17988-18309 W/AGEphone Cloud Service: [TID]515413884080 [TNAME]"OpenSlPlayerThread"           sound_port.c  play_cb() No port.
01-29 10:53:59.046 17988-18044 I/AGEphone Cloud Service: [TID]512990694576 [TNAME]"CommandConsumerThread" AudioStream::Stop() Stopping player thread for OpenSlAudioStream (0xb4000078f82dfd90)...
01-29 10:53:59.046 17988-18044 V/AGEphone Cloud Service: [TID]512990694576 [TNAME]"CommandConsumerThread" [OPEN_SL] OpenSlAudioStream::SlPlayStop() Player was started, stopping it by setting SL_PLAYSTATE_STOPPED...
01-29 10:53:59.047 17988-18044 I/AGEphone Cloud Service: [TID]512990694576 [TNAME]"CommandConsumerThread" AudioStream::Stop() Stopped OpenSlAudioStream (0xb4000078f82dfd90)
01-29 10:53:59.048 17988-18044 V/AGEphone Cloud Service: [TID]512990694576 [TNAME]"CommandConsumerThread" AudioStream::Destroy() 
01-29 10:53:59.048 17988-18044 V/AGEphone Cloud Service: [TID]512990694576 [TNAME]"CommandConsumerThread" AudioStream::Destroy() Destroying...
01-29 10:53:59.051 17988-18044 I/AGEphone Cloud Service: [TID]512990694576 [TNAME]"CommandConsumerThread" AudioStream::Destroy() Destroying OpenSlAudioStream (0xb4000078f82dfd90) state = STOPPED ...
01-29 10:53:59.051 17988-18044 V/AGEphone Cloud Service: [TID]512990694576 [TNAME]"CommandConsumerThread" AudioStream::Stop() Stopping...
01-29 10:53:59.052 17988-18044 I/AGEphone Cloud Service: [TID]512990694576 [TNAME]"CommandConsumerThread" AudioStream::Stop() Stopping OpenSlAudioStream (0xb4000078f82dfd90) state = STOPPED...
01-29 10:53:59.052 17988-18044 W/AGEphone Cloud Service: [TID]512990694576 [TNAME]"CommandConsumerThread" AudioStream::Stop() OpenSlAudioStream (0xb4000078f82dfd90) Not started. (Status Code: 70013, Status Message: Invalid operation (AG_EINVALIDOP))
01-29 10:53:59.052 17988-18044 W/AGEphone Cloud Service: [TID]512990694576 [TNAME]"CommandConsumerThread" AudioStream::Destroy() Could not stop AudioStream for OpenSlAudioStream (0xb4000078f82dfd90) (Status Code: 70013, Status Message: Invalid operation (AG_EINVALIDOP))
01-29 10:53:59.053 17988-18044 I/AGEphone Cloud Service: [TID]512990694576 [TNAME]"CommandConsumerThread" AudioStream::Destroy() Destroying audio stream for OpenSlAudioStream (0xb4000078f82dfd90)...
01-29 10:53:59.053 17988-18044 I/AGEphone Cloud Service: [TID]512990694576 [TNAME]"CommandConsumerThread" [OPEN_SL] OpenSlAudioStream::OnDestroy() Destroying OpenSlAudioStream...
01-29 10:53:59.053 17988-18044 V/AGEphone Cloud Service: [TID]512990694576 [TNAME]"CommandConsumerThread" [OPEN_SL] OpenSlAudioStream::OnDestroy() Stopping recorder...
01-29 10:53:59.053 17988-18044 V/AGEphone Cloud Service: [TID]512990694576 [TNAME]"CommandConsumerThread" [OPEN_SL] OpenSlAudioStream::SlRecordStop() Recorder was not started, nothing to do.
01-29 10:53:59.054 17988-18044 V/AGEphone Cloud Service: [TID]512990694576 [TNAME]"CommandConsumerThread" [OPEN_SL] OpenSlAudioStream::OnDestroy() Stopping player...
01-29 10:53:59.054 17988-18044 V/AGEphone Cloud Service: [TID]512990694576 [TNAME]"CommandConsumerThread" [OPEN_SL] OpenSlAudioStream::SlPlayStop() Player was not started, nothing to do.
01-29 10:53:59.054 17988-18044 V/AGEphone Cloud Service: [TID]512990694576 [TNAME]"CommandConsumerThread" [OPEN_SL] OpenSlAudioStream::OnDestroy() Destroying recorder...
01-29 10:53:59.059 17988-18044 V/AGEphone Cloud Service: [TID]512990694576 [TNAME]"CommandConsumerThread" [OPEN_SL] OpenSlAudioStream::OnDestroy() Destroying player...
01-29 10:53:59.070 17988-18044 V/AGEphone Cloud Service: [TID]512990694576 [TNAME]"CommandConsumerThread" [OPEN_SL] OpenSlAudioStream::OnDestroy() Deleting player buffer...
01-29 10:53:59.070 17988-18044 V/AGEphone Cloud Service: [TID]512990694576 [TNAME]"CommandConsumerThread" [OPEN_SL] OpenSlAudioStream::OnDestroy() Deleting recorder buffer...
01-29 10:53:59.070 17988-18044 V/AGEphone Cloud Service: [TID]512990694576 [TNAME]"CommandConsumerThread" [OPEN_SL] OpenSlAudioStream::OnDestroy() Destroying output mix...
01-29 10:53:59.071 17988-18044 V/AGEphone Cloud Service: [TID]512990694576 [TNAME]"CommandConsumerThread" [OPEN_SL] OpenSlAudioStream::OnDestroy() Destroying engine...
01-29 10:53:59.071 17988-18044 I/AGEphone Cloud Service: [TID]512990694576 [TNAME]"CommandConsumerThread" AudioStream::Destroy() Destroyed OpenSlAudioStream (0xb4000078f82dfd90)
01-29 10:53:59.072 17988-18044 V/AGEphone Cloud Service: [TID]512990694576 [TNAME]"CommandConsumerThread"         sip_endpoint.c ![TRANSPORT] Processing incoming message on transport tlsc0xb4000079882b062c : Response msg 200/BYE/cseq=15015 (rdata0xb4000079882b091c)
01-29 10:53:59.072 17988-18044 D/AGEphone Cloud Service: [TID]512990694576 [TNAME]"CommandConsumerThread"           agsua_core.c  .RX 350 bytes Response msg 200/BYE/cseq=15015 (rdata0xb4000079882b091c) from TLS 123.226.26.42:35061:
    SIP/2.0 200 OK
    Via: SIP/2.0/TLS 10.126.88.65:38255;received=36.240.239.71;branch=z9hG4bKPja59cc3d5-8e21-49e8-a07e-6ea3e9eb90af;rport=38255;alias
    From: <sip:35@192.168.0.240>;tag=cbc5f722-e60e-43b5-99de-9f7a2c6e7cd4
    To: <sip:15@192.168.0.10>;tag=d553d1ad
    Call-ID: 0mwqGzBlalR7Ib0c0W028PD8h65dr81g--_6b8b45c3
    CSeq: 15015 BYE
    Content-Length: 0
    
    
    --end msg--
01-29 10:53:59.073 17988-18044 I/AGEphone Cloud Service: [TID]512990694576 [TNAME]"CommandConsumerThread" SipModule::OnRxResponse() Will proccess incoming "OK" method responding to BYE
01-29 10:53:59.074 17988-18044 V/AGEphone Cloud Service: [TID]512990694576 [TNAME]"CommandConsumerThread" SipModule::UpdatePAssertedIdentity() Checking incoming "OK" response responding to BYE...
01-29 10:53:59.076 17988-18044 V/AGEphone Cloud Service: [TID]512990694576 [TNAME]"CommandConsumerThread" SipModule::UpdatePAssertedIdentity() Nothing to do for this method.
01-29 10:53:59.076 17988-18044 V/AGEphone Cloud Service: [TID]512990694576 [TNAME]"CommandConsumerThread"  tsx0xb400007938241cbc  .Incoming Response msg 200/BYE/cseq=15015 (rdata0xb4000079882b091c) in state Calling
01-29 10:53:59.077 17988-18044 V/AGEphone Cloud Service: [TID]512990694576 [TNAME]"CommandConsumerThread"  tsx0xb400007938241cbc  ..State changed from Calling to Completed, event=RX_MSG
01-29 10:53:59.077 17988-18044 V/AGEphone Cloud Service: [TID]512990694576 [TNAME]"CommandConsumerThread"  dlg0xb40000793824042c  ...Received Response msg 200/BYE/cseq=15015 (rdata0xb4000079882b091c)
01-29 10:53:59.077 17988-18044 V/AGEphone Cloud Service: [TID]512990694576 [TNAME]"CommandConsumerThread"  dlg0xb40000793824042c  ...Transaction tsx0xb400007938241cbc state changed to Completed
01-29 10:53:59.077 17988-18044 D/AGEphone Cloud Service: [TID]512990694576 [TNAME]"CommandConsumerThread"              sip_inv.c  ....inv_on_state_confirmed() status_code = 200, prev_state = 1
01-29 10:53:59.078 17988-18044 V/AGEphone Cloud Service: [TID]512990694576 [TNAME]"CommandConsumerThread"            agsua_aud.c  .....check_snd_dev_idle() sound device is currently closed.
01-29 10:53:59.078 17988-18044 V/AGEphone Cloud Service: [TID]512990694576 [TNAME]"CommandConsumerThread"  dlg0xb40000793824042c  .....Session count dec to 1 by mod-invite
01-29 10:53:59.079 17988-18044 V/AGEphone Cloud Service: [TID]512990694576 [TNAME]"CommandConsumerThread"  tsx0xb400007938241cbc  Timeout timer event
01-29 10:53:59.079 17988-18044 V/AGEphone Cloud Service: [TID]512990694576 [TNAME]"CommandConsumerThread"  tsx0xb400007938241cbc  .State changed from Completed to Terminated, event=TIMER
01-29 10:53:59.079 17988-18044 V/AGEphone Cloud Service: [TID]512990694576 [TNAME]"CommandConsumerThread"  dlg0xb40000793824042c  ..Transaction tsx0xb400007938241cbc state changed to Terminated
01-29 10:53:59.080 17988-18044 V/AGEphone Cloud Service: [TID]512990694576 [TNAME]"CommandConsumerThread"  dlg0xb40000793824042c  ...Dialog destroyed!
01-29 10:53:59.081 17988-18044 V/AGEphone Cloud Service: [TID]512990694576 [TNAME]"CommandConsumerThread"  tsx0xb400007938241cbc  Timeout timer event
01-29 10:53:59.082 17988-18044 V/AGEphone Cloud Service: [TID]512990694576 [TNAME]"CommandConsumerThread"  tsx0xb400007938241cbc  .State changed from Terminated to Destroyed, event=TIMER
01-29 10:53:59.082 17988-18044 V/AGEphone Cloud Service: [TID]512990694576 [TNAME]"CommandConsumerThread" tdta0xb4000079782565cc  ..Destroying txdata Request msg BYE/cseq=15015 (tdta0xb4000079782565cc)
01-29 10:53:59.082 17988-18044 V/AGEphone Cloud Service: [TID]512990694576 [TNAME]"CommandConsumerThread"  tsx0xb400007938241cbc  Transaction destroyed!
01-29 10:53:59.250 17550-17550 D/AGEphone Cloud Activity: ApplicationBase [LIFECYCLE] onActivityStopped: 1 (com.ageet.agephonecloud.call.InCallActivity@4682166)
01-29 10:53:59.251 17550-17550 D/AGEphone Cloud Activity: ApplicationBase [LIFECYCLE] onActivityDestroyed (com.ageet.agephonecloud.call.InCallActivity@4682166)
01-29 10:53:59.252 17550-17550 D/AGEphone Cloud Activity: InCallScreen onDestroy()
01-29 10:53:59.252 17550-17550 D/AGEphone Cloud Activity: ApplicationBase Application user got deactivated (InCallScreen{4a8c3c} (bd9f3af8-fb79-4f09-a98f-a5859f3f4448 id=0xb), false)
01-29 10:53:59.682 17550-17550 D/AGEphone Cloud Activity: CustomizedMainActivity Re-enabling touch
01-29 10:54:08.552 17988-17988 V/AGEphone Cloud Service: SipService [COMMAND_MONITORING] checking for missing command confirmations...
01-29 10:54:08.553 17988-17988 V/AGEphone Cloud Service: SipService [COMMAND_MONITORING] ... everything is ok
01-29 10:54:08.617 17988-18044 W/AGEphone Cloud Service: [TID]512990694576 [TNAME]"CommandConsumerThread" ThreadedTimer::Reschedule() remaining count is 0 for timer DisposeTimer
01-29 10:54:08.618 17988-18044 D/AGEphone Cloud Service: [TID]512990694576 [TNAME]"CommandConsumerThread" [CALL_USER_DATA] CallUserData::OnDisposeTimer() Dispose timer hit, will dispose unused CallUserDatas for call 0...
01-29 10:54:08.618 17988-18044 V/AGEphone Cloud Service: [TID]512990694576 [TNAME]"CommandConsumerThread" [CALL_USER_DATA] CallManager::DisposeUnusedCallUserDatas() Checking for unused CallUserDatas...
01-29 10:54:08.619 17988-18044 I/AGEphone Cloud Service: [TID]512990694576 [TNAME]"CommandConsumerThread" [CALL_USER_DATA] CallManager::DisposeUnusedCallUserDatas() Marking CallUserData 0xb4000079582529d0 to be disposed: because is_zero = 1, seconds_since_removed = 10, cleanup_delay = 10
01-29 10:54:08.619 17988-18044 I/AGEphone Cloud Service: [TID]512990694576 [TNAME]"CommandConsumerThread" [CALL_USER_DATA] CallManager::DisposeUnusedCallUserDatas() Removing CallUserData 0xb4000079582529d0 from list...
01-29 10:54:08.620 17988-18044 I/AGEphone Cloud Service: [TID]512990694576 [TNAME]"CommandConsumerThread" [CALL_USER_DATA] CallManager::DisposeUnusedCallUserDatas() Disposing CallUserData 0xb4000079582529d0...
01-29 10:54:08.620 17988-18044 V/AGEphone Cloud Service: [TID]512990694576 [TNAME]"CommandConsumerThread" [CALL_USER_DATA] CallUserData::Dispose() Disposing CallUserData 0xb4000079582529d0...
01-29 10:54:08.621 17988-18044 V/AGEphone Cloud Service: [TID]512990694576 [TNAME]"CommandConsumerThread" [CALL_USER_DATA] CallUserData::DestroyPlayers() Destroying DtmfPlayer...
01-29 10:54:08.621 17988-18044 I/AGEphone Cloud Service: [TID]512990694576 [TNAME]"CommandConsumerThread" DtmfPlayer::Destroy() Destroying DtmfPlayer...
01-29 10:54:08.621 17988-18044 V/AGEphone Cloud Service: [TID]512990694576 [TNAME]"CommandConsumerThread" DtmfPlayer::FinishInbandDtmf() Finishing inband DTMF (if any)...
01-29 10:54:08.622 17988-18044 I/AGEphone Cloud Service: [TID]512990694576 [TNAME]"CommandConsumerThread" DtmfPlayer::DestroyToneGenerator() No port to remove.
01-29 10:54:08.622 17988-18044 I/AGEphone Cloud Service: [TID]512990694576 [TNAME]"CommandConsumerThread" DtmfPlayer::DestroyToneGenerator() No ToneGenerator to destroy.
01-29 10:54:08.622 17988-18044 V/AGEphone Cloud Service: [TID]512990694576 [TNAME]"CommandConsumerThread" [CALL_USER_DATA] CallUserData::DestroyPlayers() Destroying AnsweringMachine...
01-29 10:54:08.624 17988-18044 V/AGEphone Cloud Service: [TID]512990694576 [TNAME]"CommandConsumerThread" AnsweringMachine::Destroy() Destroying AnsweringMachine...
01-29 10:54:08.625 17988-18044 V/AGEphone Cloud Service: [TID]512990694576 [TNAME]"CommandConsumerThread" AnsweringMachine::SetState() State changed from DESTROYED to DESTROYING
01-29 10:54:08.627 17988-18044 V/AGEphone Cloud Service: [TID]512990694576 [TNAME]"CommandConsumerThread" WavePlayerRecorder::Pause() MonoRecorder(address = 0xb4000078b83a3990, filename = ""): rewind = 0, immediate = 0
01-29 10:54:08.628 17988-18044 V/AGEphone Cloud Service: [TID]512990694576 [TNAME]"CommandConsumerThread" WavePlayerRecorder::Pause() We are on the worker thread. Will pause MonoRecorder(address = 0xb4000078b83a3990, filename = "") NOW...
01-29 10:54:08.629 17988-18044 V/AGEphone Cloud Service: [TID]512990694576 [TNAME]"CommandConsumerThread" WavePlayerRecorder::ExecutePause() Pausing MonoRecorder(address = 0xb4000078b83a3990, filename = "") (rewind = 0) ...
01-29 10:54:08.629 17988-18044 V/AGEphone Cloud Service: [TID]512990694576 [TNAME]"CommandConsumerThread" AnsweringMachine::SetState() State changed from DESTROYING to DESTROYED
01-29 10:54:08.630 17988-18044 V/AGEphone Cloud Service: [TID]512990694576 [TNAME]"CommandConsumerThread" [CALL_USER_DATA] CallUserData::DestroyPlayers() Destroying Recorder...
01-29 10:54:08.630 17988-18044 V/AGEphone Cloud Service: [TID]512990694576 [TNAME]"CommandConsumerThread" MonoRecorder::Destroy() Destroying MonoRecorder(address = 0xb4000078b83a3990, filename = "")...
01-29 10:54:08.631 17988-18044 V/AGEphone Cloud Service: [TID]512990694576 [TNAME]"CommandConsumerThread" [CALL_USER_DATA] CallUserData::Dispose() Stopping timers...
01-29 10:54:08.631 17988-18044 V/AGEphone Cloud Service: [TID]512990694576 [TNAME]"CommandConsumerThread" [CALL_USER_DATA] CallUserData::Dispose() Releasing pool...
01-29 10:54:08.632 17988-18044 V/AGEphone Cloud Service: [TID]512990694576 [TNAME]"CommandConsumerThread" [CALL_USER_DATA] CallUserData::Dispose() Disposing StreamUserDatas...
01-29 10:54:08.632 17988-18044 V/AGEphone Cloud Service: [TID]512990694576 [TNAME]"CommandConsumerThread" [CALL_USER_DATA] CallUserData::Dispose() Done.
01-29 10:54:08.633 17988-18044 I/AGEphone Cloud Service: [TID]512990694576 [TNAME]"CommandConsumerThread" [CALL_USER_DATA] CallManager::DisposeUnusedCallUserDatas() Deleting CallUserData 0xb4000079582529d0...
01-29 10:54:08.633 17988-18044 V/AGEphone Cloud Service: [TID]512990694576 [TNAME]"CommandConsumerThread" AnsweringMachine::Destroy() Destroying AnsweringMachine...
01-29 10:54:08.634 17988-18044 V/AGEphone Cloud Service: [TID]512990694576 [TNAME]"CommandConsumerThread" AnsweringMachine::SetState() State changed from DESTROYED to DESTROYING
01-29 10:54:08.634 17988-18044 V/AGEphone Cloud Service: [TID]512990694576 [TNAME]"CommandConsumerThread" WavePlayerRecorder::Pause() MonoRecorder(address = 0xb4000078b83a3990, filename = ""): rewind = 0, immediate = 0
01-29 10:54:08.634 17988-18044 V/AGEphone Cloud Service: [TID]512990694576 [TNAME]"CommandConsumerThread" WavePlayerRecorder::Pause() We are on the worker thread. Will pause MonoRecorder(address = 0xb4000078b83a3990, filename = "") NOW...
01-29 10:54:08.635 17988-18044 V/AGEphone Cloud Service: [TID]512990694576 [TNAME]"CommandConsumerThread" WavePlayerRecorder::ExecutePause() Pausing MonoRecorder(address = 0xb4000078b83a3990, filename = "") (rewind = 0) ...
01-29 10:54:08.635 17988-18044 V/AGEphone Cloud Service: [TID]512990694576 [TNAME]"CommandConsumerThread" AnsweringMachine::SetState() State changed from DESTROYING to DESTROYED
01-29 10:54:08.636 17988-18044 D/AGEphone Cloud Service: [TID]512990694576 [TNAME]"CommandConsumerThread" [CALL_USER_DATA] CallManager::RemoveCallUserData() 0 CallUserDatas are unused and pending disposal.
01-29 10:54:08.636 17988-18044 V/AGEphone Cloud Service: [TID]512990694576 [TNAME]"CommandConsumerThread" [CONFERENCE_USER_DATA] ConferenceManager::DisposeUnusedConferenceUserDatas() ConferenceUserData for conference_id 100 was marked to be disposed.
01-29 10:54:08.637 17988-18044 V/AGEphone Cloud Service: [TID]512990694576 [TNAME]"CommandConsumerThread" [CONFERENCE_USER_DATA] ConferenceManager::DisposeUnusedConferenceUserDatas() Removing ConferenceUserData 0xb40000787822ed70 for conference_id 100 from map...
01-29 10:54:08.637 17988-18044 V/AGEphone Cloud Service: [TID]512990694576 [TNAME]"CommandConsumerThread" [CONFERENCE_USER_DATA] ConferenceManager::DisposeUnusedConferenceUserDatas() Disposing ConferenceUserData 0xb40000787822ed70 for conference_id 100...
01-29 10:54:08.638 17988-18044 V/AGEphone Cloud Service: [TID]512990694576 [TNAME]"CommandConsumerThread" [CONFERENCE_USER_DATA] ConferenceUserData::Dispose() Disposing ConferenceUserData 0xb40000787822ed70...
01-29 10:54:08.638 17988-18044 V/AGEphone Cloud Service: [TID]512990694576 [TNAME]"CommandConsumerThread" [CONFERENCE_USER_DATA] ConferenceUserData::Dispose() Destroying WaveFilePlayer...
01-29 10:54:08.638 17988-18044 V/AGEphone Cloud Service: [TID]512990694576 [TNAME]"CommandConsumerThread" [CONFERENCE_USER_DATA] ConferenceUserData::Dispose() Done.
01-29 10:54:08.640 17988-18044 V/AGEphone Cloud Service: [TID]512990694576 [TNAME]"CommandConsumerThread" [CONFERENCE_USER_DATA] ConferenceManager::DisposeUnusedConferenceUserDatas() Deleting ConferenceUserData 0xb40000787822ed70 for conference_id 100...
01-29 10:54:13.723 17550-17550 I/AGEphone Cloud Activity: DialButton [INTERACTION USER_ENTRY] Dial button activated (BUTTON_NUMBER_3)
01-29 10:54:13.724 17550-17550 I/AGEphone Cloud Activity: KeypadVibration vibrate() Will not vibrate because key pad vibration are disabled by app setting.
01-29 10:54:13.726 17550-17550 I/AGEphone Cloud Activity: DialView playKeySoundEffectConditionally() Will not play key sound effect because we are in silent mode.
01-29 10:54:13.727 17550-17550 W/AGEphone Cloud Activity: MockCallDataProvider isConnectedToAnsweringMachine() This is a MOCK data provider
01-29 10:54:13.729 17550-17550 D/AGEphone Cloud Activity: DialView Dialed number changed: 3
01-29 10:54:13.730 17550-17550 D/AGEphone Cloud Activity: CustomizedMainActivity Dialed number input changed: 3
01-29 10:54:13.730 17550-17550 D/AGEphone Cloud Activity: CustomizedMainActivity Applying contact lookup result
01-29 10:54:13.730 17550-17550 D/AGEphone Cloud Activity: CustomizedMainActivity lookup operation finished: 
01-29 10:54:13.730 17550-17550 D/AGEphone Cloud Activity: CustomizedMainActivity Updated status text: 
01-29 10:54:13.732 17550-17550 D/AGEphone Cloud Activity: CustomizedMainActivity Running new contact lookup
01-29 10:54:13.733 17550-17550 I/AGEphone Cloud Activity: ContactAccessor [CRM] specificContactLookupByPhoneNumberOrDefault() Performing priority contact lookup: phone number: 3
01-29 10:54:13.733 17550-17550 D/AGEphone Cloud Activity: MyPriorityAddressBookResolver specificContactLookupByPhoneNumberOrDefault() lookup number = 3
01-29 10:54:13.733 17550-17550 D/AGEphone Cloud Activity: CustomizableDialMenu specificContactLookupByPhoneNumberOrDefault() [ENTRY] *72954# = オフラインモード
01-29 10:54:13.733 17550-17550 D/AGEphone Cloud Activity: CustomizableDialMenu specificContactLookupByPhoneNumberOrDefault() [ENTRY] *72955# = 通常モード（発着）
01-29 10:54:13.733 17550-17550 D/AGEphone Cloud Activity: CustomizableDialMenu specificContactLookupByPhoneNumberOrDefault() [ENTRY] ## = ピックアップ
01-29 10:54:13.734 17550-17550 D/AGEphone Cloud Activity: CustomizableDialMenu specificContactLookupByPhoneNumberOrDefault() [RESULT] lookup number = 3, lookup result = 
01-29 10:54:13.734 17550-17550 I/AGEphone Cloud Activity: ContactAccessor [CRM] specificContactLookupByPhoneNumberOrDefault() Placing specific contact lookup request: phone number: 3
01-29 10:54:13.735 17550-17550 D/AGEphone Cloud Activity: ActionButtonGroup adjustActiveButton(IDLE) com.ageet.agephonecloud:id/ActionButtonGroupAction2
01-29 10:54:13.736 17550-17550 D/AGEphone Cloud Activity: ActionButtonGroup Checking ActionButton REDIAL
01-29 10:54:13.736 17550-17550 V/AGEphone Cloud Activity: DialInputSubConditionSet [ActionButton] checking condition: NO_INPUT (number: "3")
01-29 10:54:13.736 17550-17550 V/AGEphone Cloud Activity: DialInputSubConditionSet [ActionButton] overall result: false
01-29 10:54:13.736 17550-17550 D/AGEphone Cloud Activity: ActionButtonGroup Checking ActionButton DIAL
01-29 10:54:13.736 17550-17550 V/AGEphone Cloud Activity: DialInputSubConditionSet [ActionButton] checking condition: INPUT (number: "3")
01-29 10:54:13.737 17550-17550 V/AGEphone Cloud Activity: DialInputSubConditionSet [ActionButton] overall result: true
01-29 10:54:13.737 17550-17550 D/AGEphone Cloud Activity: ActionButtonGroup conditions are met
01-29 10:54:13.737 17550-17550 D/AGEphone Cloud Activity: ActionButton onBecomesInactive (REDIAL)
01-29 10:54:13.737 17550-17550 D/AGEphone Cloud Activity: DialInputSubConditionSet stopping to watch for sub condition changes
01-29 10:54:13.737 17550-17550 D/AGEphone Cloud Activity: ActionButton onBecomesActive (DIAL)
01-29 10:54:13.738 17550-17550 D/AGEphone Cloud Activity: DialInputSubConditionSet starting to watch for sub condition changes
01-29 10:54:13.738 17550-18358 D/AGEphone Cloud Activity: AndroidAddressBookContactSource [CRM] loadContactInfo() contactUri = content://com.android.contacts/phone_lookup/3
01-29 10:54:13.739 17550-17550 D/AGEphone Cloud Activity: DialButton [INTERACTION USER_EXIT] 
01-29 10:54:13.740 17550-18358 D/AGEphone Cloud Activity: AndroidAddressBookContactSource [CRM] loadContactInfo() no matching contact info found in the cache, making new query (content://com.android.contacts/phone_lookup/3) (cache size: 26)
01-29 10:54:13.740 17550-18358 D/AGEphone Cloud Activity: AndroidAddressBookContactSource [CRM] loadContactInfoFromDeviceAddressBook() contactUri = content://com.android.contacts/phone_lookup/3
01-29 10:54:13.780 17550-17550 D/AGEphone Cloud Activity: CustomizedMainActivity Contact lookup finished
01-29 10:54:13.780 17550-17550 D/AGEphone Cloud Activity: CustomizedMainActivity Applying contact lookup result
01-29 10:54:13.780 17550-17550 D/AGEphone Cloud Activity: CustomizedMainActivity lookup operation finished: 
01-29 10:54:13.780 17550-17550 D/AGEphone Cloud Activity: CustomizedMainActivity Updated status text: 
01-29 10:54:16.723 17550-17550 I/AGEphone Cloud Activity: CustomizedMainActivity [INTERACTION USER_ENTRY] Dial button 3 pressed
01-29 10:54:16.727 17550-17550 D/AGEphone Cloud Activity: DialView Dialed number changed: 
01-29 10:54:16.728 17550-17550 D/AGEphone Cloud Activity: CustomizedMainActivity Dialed number input changed: 
01-29 10:54:16.728 17550-17550 D/AGEphone Cloud Activity: CustomizedMainActivity Applying contact lookup result
01-29 10:54:16.729 17550-17550 D/AGEphone Cloud Activity: CustomizedMainActivity no input
01-29 10:54:16.730 17550-17550 D/AGEphone Cloud Activity: CustomizedMainActivity Updated status text: 電話番号を入力してください
01-29 10:54:16.737 17550-17550 D/AGEphone Cloud Activity: ActionButtonGroup adjustActiveButton(IDLE) com.ageet.agephonecloud:id/ActionButtonGroupAction2
01-29 10:54:16.738 17550-17550 D/AGEphone Cloud Activity: ActionButtonGroup Checking ActionButton REDIAL
01-29 10:54:16.739 17550-17550 V/AGEphone Cloud Activity: DialInputSubConditionSet [ActionButton] checking condition: NO_INPUT (number: "")
01-29 10:54:16.740 17550-17550 V/AGEphone Cloud Activity: DialInputSubConditionSet [ActionButton] overall result: true
01-29 10:54:16.740 17550-17550 D/AGEphone Cloud Activity: ActionButtonGroup conditions are met
01-29 10:54:16.740 17550-17550 D/AGEphone Cloud Activity: ActionButton onBecomesInactive (DIAL)
01-29 10:54:16.741 17550-17550 D/AGEphone Cloud Activity: DialInputSubConditionSet stopping to watch for sub condition changes
01-29 10:54:16.742 17550-17550 D/AGEphone Cloud Activity: ActionButton onBecomesActive (REDIAL)
01-29 10:54:16.742 17550-17550 D/AGEphone Cloud Activity: DialInputSubConditionSet starting to watch for sub condition changes
01-29 10:54:16.773 17550-17550 D/AGEphone Cloud Activity: CustomizedMainActivity [INTERACTION USER_EXIT] 
01-29 10:54:16.776 17550-17550 I/AGEphone Cloud Activity: MainActivity [INTERACTION OS_ENTRY] Activity pauses
01-29 10:54:16.777 17550-17550 I/AGEphone Cloud Activity: MainActivity [LIFECYCLE] onPause()
01-29 10:54:16.777 17550-17550 D/AGEphone Cloud Activity: ApplicationBase Current activity got inactive
01-29 10:54:16.777 17550-17550 D/AGEphone Cloud Activity: ApplicationBase [LIFECYCLE] onActivityPaused (com.ageet.agephonecloud.customization.CustomizedMainActivity@922a7a6)
01-29 10:54:16.777 17550-17550 D/AGEphone Cloud Activity: BaseFragment Dial onPause()
01-29 10:54:16.777 17550-17550 D/AGEphone Cloud Activity: MainActivity [INTERACTION OS_EXIT] 
01-29 10:54:16.794 17550-17550 I/AGEphone Cloud Activity: LogManager [LIFECYCLE] onCreate() Instance: 10635540
01-29 10:54:16.796 17550-17550 D/AGEphone Cloud Activity: ApplicationBase [LIFECYCLE] onActivityCreated (com.ageet.AGEphone.Activity.UserInterface.LogManager.LogManager@a24914)
01-29 10:54:16.808 17550-17550 V/AGEphone Cloud Activity: LogManagerListAdapter refresh() refreshing...
01-29 10:54:16.808 17550-17550 V/AGEphone Cloud Activity: LogManagerListAdapter refresh() Found 3 log files.
01-29 10:54:16.808 17550-17550 V/AGEphone Cloud Activity: LogManagerListAdapter refresh() Created 3 log items.
01-29 10:54:16.809 17550-17550 I/AGEphone Cloud Activity: LogManager [LIFECYCLE] onStart() Instance: 10635540
01-29 10:54:16.809 17550-17550 D/AGEphone Cloud Activity: ApplicationBase [LIFECYCLE] onActivityStarted: 2 (com.ageet.AGEphone.Activity.UserInterface.LogManager.LogManager@a24914)
01-29 10:54:16.810 17550-17550 I/AGEphone Cloud Activity: LogManager [LIFECYCLE] onResume() Instance: 10635540
01-29 10:54:16.810 17550-17550 D/AGEphone Cloud Activity: ApplicationBase [LIFECYCLE] onActivityResumed (com.ageet.AGEphone.Activity.UserInterface.LogManager.LogManager@a24914)
01-29 10:54:16.810 17550-17550 D/AGEphone Cloud Activity: ApplicationBase New activity got active
01-29 10:54:16.810 17550-17550 V/AGEphone Cloud Activity: LogManagerListAdapter refresh() refreshing...
01-29 10:54:16.810 17550-17550 V/AGEphone Cloud Activity: LogManagerListAdapter refresh() Found 3 log files.
01-29 10:54:16.810 17550-17550 V/AGEphone Cloud Activity: LogManagerListAdapter refresh() Created 3 log items.
01-29 10:54:17.379 17550-17550 I/AGEphone Cloud Activity: MainActivity [INTERACTION OS_ENTRY] Activity stops
01-29 10:54:17.379 17550-17550 I/AGEphone Cloud Activity: MainActivity [LIFECYCLE] onStop()
01-29 10:54:17.379 17550-17550 D/AGEphone Cloud Activity: ApplicationBase [LIFECYCLE] onActivityStopped: 1 (com.ageet.agephonecloud.customization.CustomizedMainActivity@922a7a6)
01-29 10:54:17.380 17550-17550 D/AGEphone Cloud Activity: BaseFragment Dial onStop()
01-29 10:54:17.380 17550-17550 D/AGEphone Cloud Activity: MainActivity [INTERACTION OS_EXIT] 
01-29 10:54:17.380 17550-17550 I/AGEphone Cloud Activity: MainActivity [LIFECYCLE] onSaveInstanceState()
01-29 10:54:17.380 17550-17550 I/AGEphone Cloud Activity: MainActivity [LIFECYCLE] onSaveInstanceState() Saved Intent:Intent { act= }
01-29 10:54:18.092 17988-18044 D/AGEphone Cloud Service: [TID]512990694576 [TNAME]"CommandConsumerThread" [TRANSPORT] [TRANSPORT_REFERENCE] TransportManager::ReleaseScheduledReferences() Executing scheduled release of 1 transport reference(s)...
01-29 10:54:18.092 17988-18044 V/AGEphone Cloud Service: [TID]512990694576 [TNAME]"CommandConsumerThread" [TRANSPORT] [TRANSPORT_REFERENCE] TransportManager::ExecuteReleaseTransportReference() Reference holder account_0 decreases the reference count to TLS transport tlsc0xb4000079882b062c (0xb4000079882b062c) to [0st1nf.ddns.sdework.com:35061]...
01-29 10:54:18.092 17988-18044 V/AGEphone Cloud Service: [TID]512990694576 [TNAME]"CommandConsumerThread" [TRANSPORT] [TRANSPORT_REFERENCE] TransportUserData::ExecuteRemoveReference() Removing transport reference. Reference holder: "account_0"...
01-29 10:54:18.092 17988-18044 V/AGEphone Cloud Service: [TID]512990694576 [TNAME]"CommandConsumerThread" [TRANSPORT] [TRANSPORT_REFERENCE] TransportUserData::ExecuteRemoveReference() Reference count was decreased from 2 to 1.
01-29 10:54:18.092 17988-18044 V/AGEphone Cloud Service: [TID]512990694576 [TNAME]"CommandConsumerThread" [TRANSPORT] [TRANSPORT_REFERENCE] TransportManager::ExecuteReleaseTransportReference() Reference count to TLS transport tlsc0xb4000079882b062c (0xb4000079882b062c) to [0st1nf.ddns.sdework.com:35061] will be decreased to 1.
01-29 10:54:18.093 17988-18044 D/AGEphone Cloud Service: [TID]512990694576 [TNAME]"CommandConsumerThread" [TRANSPORT] [TRANSPORT_REFERENCE] TransportManager::LogTransportUserDatas() 
    TransportUserDatas after ExecuteReleaseTransportReference():
    TransportUserData(transport = TLS transport tlsc0xb4000079882b062c (0xb4000079882b062c) to [0st1nf.ddns.sdework.com:35061], type = TLS, actual_reference_count = 1, scheduled_reference_count = 0, reference_holders_ = [call_0], scheduled_releases = [call_0], disconnect_type = UNKNOWN))
    
01-29 10:54:18.093 17988-18044 V/AGEphone Cloud Service: [TID]512990694576 [TNAME]"CommandConsumerThread" [TRANSPORT] [TRANSPORT_REFERENCE] TransportManager::ExecuteReleaseTransportReference() Actually decreasing the reference count to TLS transport tlsc0xb4000079882b062c (0xb4000079882b062c) to [0st1nf.ddns.sdework.com:35061]...
01-29 10:54:28.463 17550-17550 I/AGEphone Cloud Activity: LogManager shareItems() Sharing 3 items...
01-29 10:54:28.464 17550-17550 W/AGEphone Cloud Activity: LogManager shareItems() Adding file "/data/user/0/com.ageet.agephonecloud/files/log/phonepush.log"...
01-29 10:54:28.465 17550-17550 W/AGEphone Cloud Activity: LogManager shareItems() Adding file "/data/user/0/com.ageet.agephonecloud/files/log/application.log"...
01-29 10:54:28.465 17550-17550 W/AGEphone Cloud Activity: LogManager shareItems() Adding file "/data/user/0/com.ageet.agephonecloud/files/log/application_1.log"...
01-29 10:54:28.509 17550-18506 D/AGEphone Cloud Activity: ApplicationBase Application user got activated (com.ageet.AGEphone.Activity.UserInterface.LogManager.LogManager$ZipFileWorker$1@c0ec6a)
01-29 10:54:28.510 17550-18506 D/AGEphone Cloud Activity: ApplicationBase Application user got deactivated (com.ageet.AGEphone.Activity.UserInterface.LogManager.LogManager$ZipFileWorker$1@c0ec6a, false)
